county_name,state,year,month,date,treated,post,treated_post,total_permits,single_family,multifamily,log_total_permits,log_single_family,log_multifamily,county_id,time_id,time_trend
Ca Alameda,California,2018,1,2018-01-01,1,0,0,759,90,1338,6.633318433280377,4.51085950651685,7.199678345691172,California_Ca Alameda,2018-01,0
Ca Alameda,California,2018,2,2018-02-01,1,0,0,764,133,1262,6.639875833826536,4.897839799950911,7.141245122350491,California_Ca Alameda,2018-02,0.08487337440109514
Ca Alameda,California,2018,3,2018-03-01,1,0,0,640,216,848,6.46302945692067,5.37989735354046,6.744059186311348,California_Ca Alameda,2018-03,0.16153319644079397
Ca Alameda,California,2018,4,2018-04-01,1,0,0,1719,195,3048,7.450079569807499,5.278114659230517,8.022568946988255,California_Ca Alameda,2018-04,0.2464065708418891
Ca Alameda,California,2018,5,2018-05-01,1,0,0,755,204,1102,6.628041376179533,5.3230099791384085,7.005789019253503,California_Ca Alameda,2018-05,0.32854209445585214
Ca Alameda,California,2018,6,2018-06-01,1,0,0,640,165,950,6.46302945692067,5.111987788356544,6.85751406254539,California_Ca Alameda,2018-06,0.4134154688569473
Ca Alameda,California,2018,7,2018-07-01,1,0,0,793,184,1218,6.677083461247136,5.220355825078324,7.105786129481271,California_Ca Alameda,2018-07,0.49555099247091033
Ca Alameda,California,2018,8,2018-08-01,1,0,0,667,160,1014,6.504288173536645,5.081404364984463,6.922643891475888,California_Ca Alameda,2018-08,0.5804243668720055
Ca Alameda,California,2018,9,2018-09-01,1,0,0,306,155,302,5.726847747587197,5.049856007249537,5.713732805509369,California_Ca Alameda,2018-09,0.6652977412731006
Ca Alameda,California,2018,10,2018-10-01,1,0,0,377,186,382,5.934894195619588,5.231108616854587,5.948034989180646,California_Ca Alameda,2018-10,0.7474332648870636
Ca Alameda,California,2018,11,2018-11-01,1,0,0,258,144,228,5.556828061699537,4.976733742420574,5.43372200355424,California_Ca Alameda,2018-11,0.8323066392881588
Ca Alameda,California,2018,12,2018-12-01,1,0,0,599,136,926,6.396929655216146,4.919980925828125,6.831953565565855,California_Ca Alameda,2018-12,0.9144421629021219
Ca Alameda,California,2019,1,2019-01-01,1,0,0,550,156,788,6.311734809152915,5.056245805348308,6.670766320845874,California_Ca Alameda,2019-01,0.999315537303217
Ca Alameda,California,2019,2,2019-02-01,1,0,0,204,139,130,5.3230099791384085,4.941642422609304,4.875197323201151,California_Ca Alameda,2019-02,1.0841889117043122
Ca Alameda,California,2019,3,2019-03-01,1,0,0,744,145,1198,6.61338421837956,4.983606621708336,7.089243155027514,California_Ca Alameda,2019-03,1.160848733744011
Ca Alameda,California,2019,4,2019-04-01,1,0,0,729,291,876,6.593044534142437,5.676753802268282,6.776506992372183,California_Ca Alameda,2019-04,1.2457221081451062
Ca Alameda,California,2019,5,2019-05-01,1,0,0,332,167,330,5.808142489980444,5.123963979403259,5.802118375377063,California_Ca Alameda,2019-05,1.3278576317590691
Ca Alameda,California,2019,6,2019-06-01,1,0,0,550,105,890,6.311734809152915,4.663439094112067,6.792344427470809,California_Ca Alameda,2019-06,1.4127310061601643
Ca Alameda,California,2019,7,2019-07-01,1,0,0,620,117,1006,6.431331081933479,4.770684624465665,6.914730892718563,California_Ca Alameda,2019-07,1.4948665297741273
Ca Alameda,California,2019,8,2019-08-01,1,0,0,589,126,926,6.380122536899765,4.844187086458591,6.831953565565855,California_Ca Alameda,2019-08,1.5797399041752225
Ca Alameda,California,2019,9,2019-09-01,1,0,0,352,87,530,5.8664680569332965,4.477336814478207,6.274762021241939,California_Ca Alameda,2019-09,1.6646132785763177
Ca Alameda,California,2019,10,2019-10-01,1,0,0,718,110,1216,6.577861357721047,4.709530201312334,7.104144092987527,California_Ca Alameda,2019-10,1.7467488021902806
Ca Alameda,California,2019,11,2019-11-01,1,0,0,223,164,118,5.4116460518550396,5.10594547390058,4.77912349311153,California_Ca Alameda,2019-11,1.8316221765913758
Ca Alameda,California,2019,12,2019-12-01,1,0,0,993,368,1250,6.901737206656574,5.910796644040527,7.1316985104669115,California_Ca Alameda,2019-12,1.9137577002053388
Ca Alameda,California,2020,1,2020-01-01,1,1,1,282,95,374,5.645446897643238,4.564348191467836,5.926926025970411,California_Ca Alameda,2020-01,1.998631074606434
Ca Alameda,California,2020,2,2020-02-01,1,1,1,205,160,90,5.327876168789581,5.081404364984463,4.51085950651685,California_Ca Alameda,2020-02,2.083504449007529
Ca Alameda,California,2020,3,2020-03-01,1,1,1,207,85,244,5.337538079701318,4.454347296253507,5.501258210544727,California_Ca Alameda,2020-03,2.16290212183436
Ca Alameda,California,2020,4,2020-04-01,1,1,1,697,82,1230,6.548219102762372,4.418840607796598,7.115582126184454,California_Ca Alameda,2020-04,2.2477754962354553
Ca Alameda,California,2020,5,2020-05-01,1,1,1,825,74,1502,6.716594773520978,4.31748811353631,7.315218389752975,California_Ca Alameda,2020-05,2.329911019849418
Ca Alameda,California,2020,6,2020-06-01,1,1,1,237,166,142,5.472270673671475,5.117993812416755,4.962844630259907,California_Ca Alameda,2020-06,2.414784394250513
Ca Alameda,California,2020,7,2020-07-01,1,1,1,345,84,522,5.846438775057725,4.442651256490317,6.259581464064923,California_Ca Alameda,2020-07,2.4969199178644765
Ca Alameda,California,2020,8,2020-08-01,1,1,1,415,143,544,6.030685260261263,4.969813299576001,6.300785794663244,California_Ca Alameda,2020-08,2.5817932922655715
Ca Alameda,California,2020,9,2020-09-01,1,1,1,360,106,508,5.8888779583328805,4.672828834461906,6.2324480165505225,California_Ca Alameda,2020-09,2.6666666666666665
Ca Alameda,California,2020,10,2020-10-01,1,1,1,239,163,152,5.480638923341991,5.099866427824199,5.030437921392435,California_Ca Alameda,2020-10,2.74880219028063
Ca Alameda,California,2020,11,2020-11-01,1,1,1,196,96,200,5.2832037287379885,4.574710978503383,5.303304908059076,California_Ca Alameda,2020-11,2.833675564681725
Ca Alameda,California,2020,12,2020-12-01,1,1,1,234,82,304,5.459585514144159,4.418840607796598,5.720311776607412,California_Ca Alameda,2020-12,2.915811088295688
Ca Alameda,California,2021,1,2021-01-01,1,1,1,340,139,402,5.831882477283517,4.941642422609304,5.998936561946683,California_Ca Alameda,2021-01,3.0006844626967832
Ca Alameda,California,2021,2,2021-02-01,1,1,1,206,123,166,5.332718793265369,4.820281565605037,5.117993812416755,California_Ca Alameda,2021-02,3.0855578370978782
Ca Alameda,California,2021,3,2021-03-01,1,1,1,226,152,148,5.424950017481403,5.030437921392435,5.003946305945459,California_Ca Alameda,2021-03,3.162217659137577
Ca Alameda,California,2021,4,2021-04-01,1,1,1,727,141,1172,6.590301048196686,4.955827057601261,7.067319848653476,California_Ca Alameda,2021-04,3.247091033538672
Ca Alameda,California,2021,5,2021-05-01,1,1,1,386,99,574,5.958424693029782,4.605170185988092,6.354370040797351,California_Ca Alameda,2021-05,3.3292265571526354
Ca Alameda,California,2021,6,2021-06-01,1,1,1,621,81,1080,6.432940092739179,4.406719247264253,6.985641817639208,California_Ca Alameda,2021-06,3.4140999315537304
Ca Alameda,California,2021,7,2021-07-01,1,1,1,550,106,888,6.311734809152915,4.672828834461906,6.790097235513905,California_Ca Alameda,2021-07,3.4962354551676933
Ca Alameda,California,2021,8,2021-08-01,1,1,1,597,131,932,6.393590753950631,4.882801922586371,6.838405200847344,California_Ca Alameda,2021-08,3.5811088295687883
Ca Alameda,California,2021,9,2021-09-01,1,1,1,133,88,90,4.897839799950911,4.48863636973214,4.51085950651685,California_Ca Alameda,2021-09,3.6659822039698837
Ca Alameda,California,2021,10,2021-10-01,1,1,1,322,76,492,5.777652323222656,4.343805421853684,6.20050917404269,California_Ca Alameda,2021-10,3.7481177275838466
Ca Alameda,California,2021,11,2021-11-01,1,1,1,304,119,370,5.720311776607412,4.787491742782046,5.916202062607435,California_Ca Alameda,2021-11,3.8329911019849416
Ca Alameda,California,2021,12,2021-12-01,1,1,1,728,82,1292,6.591673732008658,4.418840607796598,7.164720378771857,California_Ca Alameda,2021-12,3.915126625598905
Ca Alameda,California,2022,1,2022-01-01,1,1,1,591,142,898,6.3835066348840055,4.962844630259907,6.80128303447162,California_Ca Alameda,2022-01,4
Ca Alameda,California,2022,2,2022-02-01,1,1,1,307,71,472,5.730099782973574,4.276666119016055,6.159095388491933,California_Ca Alameda,2022-02,4.084873374401095
Ca Alameda,California,2022,3,2022-03-01,1,1,1,315,132,366,5.755742213586912,4.890349128221754,5.905361848054571,California_Ca Alameda,2022-03,4.161533196440794
Ca Alameda,California,2022,4,2022-04-01,1,1,1,430,221,418,6.066108090103747,5.402677381872279,6.037870919922137,California_Ca Alameda,2022-04,4.246406570841889
Ca Alameda,California,2022,5,2022-05-01,1,1,1,243,112,262,5.497168225293202,4.727387818712341,5.572154032177765,California_Ca Alameda,2022-05,4.328542094455853
Ca Alameda,California,2022,6,2022-06-01,1,1,1,680,77,1206,6.523562306149512,4.356708826689592,7.095893221097532,California_Ca Alameda,2022-06,4.413415468856948
Ca Alameda,California,2022,7,2022-07-01,1,1,1,430,86,688,6.066108090103747,4.465908118654584,6.535241271013659,California_Ca Alameda,2022-07,4.4955509924709105
Ca Alameda,California,2022,8,2022-08-01,1,1,1,294,109,370,5.68697535633982,4.700480365792417,5.916202062607435,California_Ca Alameda,2022-08,4.5804243668720055
Ca Alameda,California,2022,9,2022-09-01,1,1,1,325,83,484,5.786897381366708,4.430816798843313,6.184148890937483,California_Ca Alameda,2022-09,4.6652977412731005
Ca Alameda,California,2022,10,2022-10-01,1,1,1,688,68,1240,6.535241271013659,4.23410650459726,7.123672785204607,California_Ca Alameda,2022-10,4.747433264887063
Ca Alameda,California,2022,11,2022-11-01,1,1,1,331,56,550,5.805134968916488,4.04305126783455,6.311734809152915,California_Ca Alameda,2022-11,4.832306639288158
Ca Alameda,California,2022,12,2022-12-01,1,1,1,183,55,256,5.214935757608986,4.02535169073515,5.54907608489522,California_Ca Alameda,2022-12,4.914442162902122
Ca Losangeles,California,2018,1,2018-01-01,1,0,0,1495,374,2242,7.310550158534422,5.926926025970411,7.715569534520208,California_Ca Losangeles,2018-01,0
Ca Losangeles,California,2018,2,2018-02-01,1,0,0,1067,473,1188,6.97354301952014,6.161207321695077,7.080867896690782,California_Ca Losangeles,2018-02,0.08487337440109514
Ca Losangeles,California,2018,3,2018-03-01,1,0,0,2107,621,2972,7.653494909661253,6.432940092739179,7.997326822998097,California_Ca Losangeles,2018-03,0.16153319644079397
Ca Losangeles,California,2018,4,2018-04-01,1,0,0,1846,487,2718,7.52131798019924,6.1903154058531475,7.908019444632471,California_Ca Losangeles,2018-04,0.2464065708418891
Ca Losangeles,California,2018,5,2018-05-01,1,0,0,2436,681,3510,7.798523053625206,6.525029657843462,8.163656176168432,California_Ca Losangeles,2018-05,0.32854209445585214
Ca Losangeles,California,2018,6,2018-06-01,1,0,0,4404,549,7710,8.39049553837028,6.309918278226516,8.95040315983296,California_Ca Losangeles,2018-06,0.4134154688569473
Ca Losangeles,California,2018,7,2018-07-01,1,0,0,1310,442,1736,7.1785454837637,6.093569770045136,7.459914766241105,California_Ca Losangeles,2018-07,0.49555099247091033
Ca Losangeles,California,2018,8,2018-08-01,1,0,0,1138,488,1300,7.037905963447182,6.192362489474872,7.170888478512505,California_Ca Losangeles,2018-08,0.5804243668720055
Ca Losangeles,California,2018,9,2018-09-01,1,0,0,1236,428,1616,7.1204443723924875,6.061456918928017,7.388327859577107,California_Ca Losangeles,2018-09,0.6652977412731006
Ca Losangeles,California,2018,10,2018-10-01,1,0,0,1592,497,2190,7.373374309910049,6.210600077024653,7.692113339595466,California_Ca Losangeles,2018-10,0.7474332648870636
Ca Losangeles,California,2018,11,2018-11-01,1,0,0,1287,508,1558,7.160845906664299,6.2324480165505225,7.351799869057777,California_Ca Losangeles,2018-11,0.8323066392881588
Ca Losangeles,California,2018,12,2018-12-01,1,0,0,2158,438,3440,7.677400430514807,6.0844994130751715,8.14351740579748,California_Ca Losangeles,2018-12,0.9144421629021219
Ca Losangeles,California,2019,1,2019-01-01,1,0,0,2662,455,4414,7.887208585813932,6.1224928095143865,8.392763113038061,California_Ca Losangeles,2019-01,0.999315537303217
Ca Losangeles,California,2019,2,2019-02-01,1,0,0,974,393,1162,6.882437470997847,5.976350909297934,7.0587581525186645,California_Ca Losangeles,2019-02,1.0841889117043122
Ca Losangeles,California,2019,3,2019-03-01,1,0,0,1754,526,2456,7.470224135899966,6.267200548541362,7.806696372521179,California_Ca Losangeles,2019-03,1.160848733744011
Ca Losangeles,California,2019,4,2019-04-01,1,0,0,1143,480,1326,7.042286171939743,6.175867270105761,7.190676034332207,California_Ca Losangeles,2019-04,1.2457221081451062
Ca Losangeles,California,2019,5,2019-05-01,1,0,0,2087,605,2964,7.643961949002529,6.406879986069314,7.994632311431825,California_Ca Losangeles,2019-05,1.3278576317590691
Ca Losangeles,California,2019,6,2019-06-01,1,0,0,1542,551,1982,7.341483852363161,6.313548046277095,7.592366128519796,California_Ca Losangeles,2019-06,1.4127310061601643
Ca Losangeles,California,2019,7,2019-07-01,1,0,0,2349,421,3856,7.762170607138205,6.045005314036012,8.257644958208228,California_Ca Losangeles,2019-07,1.4948665297741273
Ca Losangeles,California,2019,8,2019-08-01,1,0,0,1030,424,1212,6.93828448401696,6.052089168924417,7.10085190894405,California_Ca Losangeles,2019-08,1.5797399041752225
Ca Losangeles,California,2019,9,2019-09-01,1,0,0,2647,409,4476,7.881559917056899,6.016157159698354,8.406708458240965,California_Ca Losangeles,2019-09,1.6646132785763177
Ca Losangeles,California,2019,10,2019-10-01,1,0,0,1839,542,2594,7.517520850603031,6.297109319933935,7.861341795599989,California_Ca Losangeles,2019-10,1.7467488021902806
Ca Losangeles,California,2019,11,2019-11-01,1,0,0,1402,510,1784,7.246368080102461,6.236369590203704,7.487173694213739,California_Ca Losangeles,2019-11,1.8316221765913758
Ca Losangeles,California,2019,12,2019-12-01,1,0,0,2194,563,3262,7.693937325509272,6.335054251498059,8.09040229659332,California_Ca Losangeles,2019-12,1.9137577002053388
Ca Losangeles,California,2020,1,2020-01-01,1,1,1,2570,599,3942,7.852050207265889,6.396929655216146,8.279697133877628,California_Ca Losangeles,2020-01,1.998631074606434
Ca Losangeles,California,2020,2,2020-02-01,1,1,1,1584,600,1968,7.368339686311381,6.398594934535208,7.585281078639126,California_Ca Losangeles,2020-02,2.083504449007529
Ca Losangeles,California,2020,3,2020-03-01,1,1,1,2052,461,3182,7.627057417018934,6.135564891081739,8.065579427282092,California_Ca Losangeles,2020-03,2.16290212183436
Ca Losangeles,California,2020,4,2020-04-01,1,1,1,1346,312,2068,7.205635176410364,5.746203190540153,7.634820677745543,California_Ca Losangeles,2020-04,2.2477754962354553
Ca Losangeles,California,2020,5,2020-05-01,1,1,1,754,352,804,6.626717749249025,5.8664680569332965,6.690842277418564,California_Ca Losangeles,2020-05,2.329911019849418
Ca Losangeles,California,2020,6,2020-06-01,1,1,1,1390,439,1902,7.237778191923443,6.0867747269123065,7.551186867296149,California_Ca Losangeles,2020-06,2.414784394250513
Ca Losangeles,California,2020,7,2020-07-01,1,1,1,2248,565,3366,7.718240951959316,6.338594078203183,8.121777419161074,California_Ca Losangeles,2020-07,2.4969199178644765
Ca Losangeles,California,2020,8,2020-08-01,1,1,1,1352,646,1412,7.210079628170788,6.472346294500901,7.253470382684528,California_Ca Losangeles,2020-08,2.5817932922655715
Ca Losangeles,California,2020,9,2020-09-01,1,1,1,1667,662,2010,7.419380582918692,6.4967749901858625,7.606387389772652,California_Ca Losangeles,2020-09,2.6666666666666665
Ca Losangeles,California,2020,10,2020-10-01,1,1,1,1507,736,1542,7.318539548567902,6.602587892189336,7.341483852363161,California_Ca Losangeles,2020-10,2.74880219028063
Ca Losangeles,California,2020,11,2020-11-01,1,1,1,1278,484,1588,7.153833801578843,6.184148890937483,7.370860166536716,California_Ca Losangeles,2020-11,2.833675564681725
Ca Losangeles,California,2020,12,2020-12-01,1,1,1,2952,713,4478,7.990576881743923,6.570882962339584,8.4071550862073,California_Ca Losangeles,2020-12,2.915811088295688
Ca Losangeles,California,2021,1,2021-01-01,1,1,1,2185,483,3404,7.689828668736484,6.182084906716632,8.133000218583613,California_Ca Losangeles,2021-01,3.0006844626967832
Ca Losangeles,California,2021,2,2021-02-01,1,1,1,1393,500,1786,7.2399325913204695,6.2166061010848646,7.488293515159428,California_Ca Losangeles,2021-02,3.0855578370978782
Ca Losangeles,California,2021,3,2021-03-01,1,1,1,2544,866,3356,7.841885928984623,6.7650389767805414,8.118802996980035,California_Ca Losangeles,2021-03,3.162217659137577
Ca Losangeles,California,2021,4,2021-04-01,1,1,1,1732,674,2116,7.457609289715606,6.51471269087253,7.6577552711348655,California_Ca Losangeles,2021-04,3.247091033538672
Ca Losangeles,California,2021,5,2021-05-01,1,1,1,1751,624,2254,7.468513271496337,6.437751649736401,7.720905251936779,California_Ca Losangeles,2021-05,3.3292265571526354
Ca Losangeles,California,2021,6,2021-06-01,1,1,1,1612,677,1870,7.385851078125209,6.519147287940395,7.534228326274089,California_Ca Losangeles,2021-06,3.4140999315537304
Ca Losangeles,California,2021,7,2021-07-01,1,1,1,2390,595,3590,7.779466967458324,6.39024066706535,8.186185994226083,California_Ca Losangeles,2021-07,3.4962354551676933
Ca Losangeles,California,2021,8,2021-08-01,1,1,1,1997,699,2596,7.599901959208498,6.551080335043404,7.862112211662748,California_Ca Losangeles,2021-08,3.5811088295687883
Ca Losangeles,California,2021,9,2021-09-01,1,1,1,1837,656,2362,7.516433302915632,6.48768401848461,7.767687277186908,California_Ca Losangeles,2021-09,3.6659822039698837
Ca Losangeles,California,2021,10,2021-10-01,1,1,1,2114,592,3044,7.656810091480378,6.385194398997726,8.021256180143997,California_Ca Losangeles,2021-10,3.7481177275838466
Ca Losangeles,California,2021,11,2021-11-01,1,1,1,1453,511,1884,7.282073658093465,6.238324625039508,7.541683099882111,California_Ca Losangeles,2021-11,3.8329911019849416
Ca Losangeles,California,2021,12,2021-12-01,1,1,1,1844,592,2504,7.520234556474628,6.385194398997726,7.826044013518965,California_Ca Losangeles,2021-12,3.915126625598905
Ca Losangeles,California,2022,1,2022-01-01,1,1,1,1508,678,1660,7.319202458767849,6.520621127558696,7.415175109613295,California_Ca Losangeles,2022-01,4
Ca Losangeles,California,2022,2,2022-02-01,1,1,1,2376,602,3548,7.773594467360194,6.401917196727186,8.174421152646497,California_Ca Losangeles,2022-02,4.084873374401095
Ca Losangeles,California,2022,3,2022-03-01,1,1,1,1900,812,2176,7.550135342488429,6.70073110954781,7.685703061234547,California_Ca Losangeles,2022-03,4.161533196440794
Ca Losangeles,California,2022,4,2022-04-01,1,1,1,2730,696,4068,7.912423121473705,6.546785410760524,8.31115254800169,California_Ca Losangeles,2022-04,4.246406570841889
Ca Losangeles,California,2022,5,2022-05-01,1,1,1,2850,697,4306,7.955425088912672,6.548219102762372,8.36799688505411,California_Ca Losangeles,2022-05,4.328542094455853
Ca Losangeles,California,2022,6,2022-06-01,1,1,1,2342,737,3210,7.759187438507795,6.6039438246004725,8.074337694089515,California_Ca Losangeles,2022-06,4.413415468856948
Ca Losangeles,California,2022,7,2022-07-01,1,1,1,1764,642,2244,7.475905969367397,6.466144724237619,7.716460800176355,California_Ca Losangeles,2022-07,4.4955509924709105
Ca Losangeles,California,2022,8,2022-08-01,1,1,1,2628,834,3588,7.874358824729881,6.727431724850855,8.185628891147607,California_Ca Losangeles,2022-08,4.5804243668720055
Ca Losangeles,California,2022,9,2022-09-01,1,1,1,2924,589,4670,7.981049759665957,6.380122536899765,8.449128460502108,California_Ca Losangeles,2022-09,4.6652977412731005
Ca Losangeles,California,2022,10,2022-10-01,1,1,1,1969,574,2790,7.585788821732034,6.354370040797351,7.934155233536322,California_Ca Losangeles,2022-10,4.747433264887063
Ca Losangeles,California,2022,11,2022-11-01,1,1,1,1818,548,2540,7.506042178518122,6.3080984415095305,7.840312983320164,California_Ca Losangeles,2022-11,4.832306639288158
Ca Losangeles,California,2022,12,2022-12-01,1,1,1,1574,637,1874,7.362010551259734,6.45833828334479,7.536363938404511,California_Ca Losangeles,2022-12,4.914442162902122
Ca Orange,California,2018,1,2018-01-01,1,0,0,809,285,1048,6.697034247666484,5.655991810819852,6.955592608396297,California_Ca Orange,2018-01,0
Ca Orange,California,2018,2,2018-02-01,1,0,0,566,391,350,6.340359303727752,5.971261839790462,5.860786223465865,California_Ca Orange,2018-02,0.08487337440109514
Ca Orange,California,2018,3,2018-03-01,1,0,0,650,441,418,6.478509642208569,6.091309882077698,6.037870919922137,California_Ca Orange,2018-03,0.16153319644079397
Ca Orange,California,2018,4,2018-04-01,1,0,0,530,384,292,6.274762021241939,5.953243334287785,5.680172609017068,California_Ca Orange,2018-04,0.2464065708418891
Ca Orange,California,2018,5,2018-05-01,1,0,0,787,523,528,6.669498089857879,6.261491684321042,6.270988431858299,California_Ca Orange,2018-05,0.32854209445585214
Ca Orange,California,2018,6,2018-06-01,1,0,0,570,326,488,6.3473892096560105,5.7899601708972535,6.192362489474872,California_Ca Orange,2018-06,0.4134154688569473
Ca Orange,California,2018,7,2018-07-01,1,0,0,780,268,1024,6.660575149839686,5.594711379601839,6.932447891572509,California_Ca Orange,2018-07,0.49555099247091033
Ca Orange,California,2018,8,2018-08-01,1,0,0,513,415,196,6.2422232654551655,6.030685260261263,5.2832037287379885,California_Ca Orange,2018-08,0.5804243668720055
Ca Orange,California,2018,9,2018-09-01,1,0,0,833,298,1070,6.726233402358747,5.700443573390687,6.976348070447749,California_Ca Orange,2018-09,0.6652977412731006
Ca Orange,California,2018,10,2018-10-01,1,0,0,288,202,172,5.666426688112432,5.313205979041787,5.153291594497779,California_Ca Orange,2018-10,0.7474332648870636
Ca Orange,California,2018,11,2018-11-01,1,0,0,810,243,1134,6.698268054115413,5.497168225293202,7.034387929915503,California_Ca Orange,2018-11,0.8323066392881588
Ca Orange,California,2018,12,2018-12-01,1,0,0,409,267,284,6.016157159698354,5.5909869805108565,5.652489180268651,California_Ca Orange,2018-12,0.9144421629021219
Ca Orange,California,2019,1,2019-01-01,1,0,0,437,214,446,6.082218910376446,5.3706380281276624,6.102558594613569,California_Ca Orange,2019-01,0.999315537303217
Ca Orange,California,2019,2,2019-02-01,1,0,0,310,197,226,5.739792912179234,5.288267030694535,5.424950017481403,California_Ca Orange,2019-02,1.0841889117043122
Ca Orange,California,2019,3,2019-03-01,1,0,0,618,239,758,6.428105272684596,5.480638923341991,6.63200177739563,California_Ca Orange,2019-03,1.160848733744011
Ca Orange,California,2019,4,2019-04-01,1,0,0,658,416,484,6.490723534502507,6.0330862217988015,6.184148890937483,California_Ca Orange,2019-04,1.2457221081451062
Ca Orange,California,2019,5,2019-05-01,1,0,0,501,302,398,6.218600119691729,5.713732805509369,5.988961416889864,California_Ca Orange,2019-05,1.3278576317590691
Ca Orange,California,2019,6,2019-06-01,1,0,0,356,246,220,5.877735781779639,5.5093883366279774,5.3981627015177525,California_Ca Orange,2019-06,1.4127310061601643
Ca Orange,California,2019,7,2019-07-01,1,0,0,541,314,454,6.295266001439646,5.752572638825633,6.12029741895095,California_Ca Orange,2019-07,1.4948665297741273
Ca Orange,California,2019,8,2019-08-01,1,0,0,503,303,400,6.222576268071369,5.717027701406222,5.993961427306569,California_Ca Orange,2019-08,1.5797399041752225
Ca Orange,California,2019,9,2019-09-01,1,0,0,1320,225,2190,7.186144304522325,5.420534999272286,7.692113339595466,California_Ca Orange,2019-09,1.6646132785763177
Ca Orange,California,2019,10,2019-10-01,1,0,0,777,329,896,6.656726524178391,5.799092654460526,6.799055862058796,California_Ca Orange,2019-10,1.7467488021902806
Ca Orange,California,2019,11,2019-11-01,1,0,0,728,301,854,6.591673732008658,5.71042701737487,6.75110146893676,California_Ca Orange,2019-11,1.8316221765913758
Ca Orange,California,2019,12,2019-12-01,1,0,0,1555,271,2568,7.349873704738337,5.605802066295998,7.851271997109883,California_Ca Orange,2019-12,1.9137577002053388
Ca Orange,California,2020,1,2020-01-01,1,1,1,270,201,138,5.602118820879701,5.308267697401205,4.9344739331306915,California_Ca Orange,2020-01,1.998631074606434
Ca Orange,California,2020,2,2020-02-01,1,1,1,458,343,230,6.129050210060545,5.840641657373398,5.442417710521793,California_Ca Orange,2020-02,2.083504449007529
Ca Orange,California,2020,3,2020-03-01,1,1,1,640,294,692,6.46302945692067,5.68697535633982,6.541029999189903,California_Ca Orange,2020-03,2.16290212183436
Ca Orange,California,2020,4,2020-04-01,1,1,1,407,95,624,6.0112671744041615,4.564348191467836,6.437751649736401,California_Ca Orange,2020-04,2.2477754962354553
Ca Orange,California,2020,5,2020-05-01,1,1,1,621,164,914,6.432940092739179,5.10594547390058,6.818924065275521,California_Ca Orange,2020-05,2.329911019849418
Ca Orange,California,2020,6,2020-06-01,1,1,1,382,292,180,5.948034989180646,5.680172609017068,5.198497031265826,California_Ca Orange,2020-06,2.414784394250513
Ca Orange,California,2020,7,2020-07-01,1,1,1,365,264,202,5.902633333401366,5.579729825986222,5.313205979041787,California_Ca Orange,2020-07,2.4969199178644765
Ca Orange,California,2020,8,2020-08-01,1,1,1,344,244,200,5.84354441703136,5.501258210544727,5.303304908059076,California_Ca Orange,2020-08,2.5817932922655715
Ca Orange,California,2020,9,2020-09-01,1,1,1,426,258,336,6.056784013228625,5.556828061699537,5.820082930352362,California_Ca Orange,2020-09,2.6666666666666665
Ca Orange,California,2020,10,2020-10-01,1,1,1,1016,304,1424,6.92461239604856,5.720311776607412,7.261927092702751,California_Ca Orange,2020-10,2.74880219028063
Ca Orange,California,2020,11,2020-11-01,1,1,1,713,334,758,6.570882962339584,5.814130531825066,6.63200177739563,California_Ca Orange,2020-11,2.833675564681725
Ca Orange,California,2020,12,2020-12-01,1,1,1,732,218,1028,6.597145701886651,5.389071729816501,6.9363427358340495,California_Ca Orange,2020-12,2.915811088295688
Ca Orange,California,2021,1,2021-01-01,1,1,1,981,221,1520,6.889591308354466,5.402677381872279,7.327123292259293,California_Ca Orange,2021-01,3.0006844626967832
Ca Orange,California,2021,2,2021-02-01,1,1,1,802,275,1054,6.688354713946762,5.62040086571715,6.961296045910167,California_Ca Orange,2021-02,3.0855578370978782
Ca Orange,California,2021,3,2021-03-01,1,1,1,1572,425,2294,7.360739903058278,6.054439346269371,7.738488122494646,California_Ca Orange,2021-03,3.162217659137577
Ca Orange,California,2021,4,2021-04-01,1,1,1,483,290,386,6.182084906716632,5.673323267171493,5.958424693029782,California_Ca Orange,2021-04,3.247091033538672
Ca Orange,California,2021,5,2021-05-01,1,1,1,465,279,372,6.1441856341256456,5.634789603169249,5.921578419643816,California_Ca Orange,2021-05,3.3292265571526354
Ca Orange,California,2021,6,2021-06-01,1,1,1,322,257,130,5.777652323222656,5.552959584921617,4.875197323201151,California_Ca Orange,2021-06,3.4140999315537304
Ca Orange,California,2021,7,2021-07-01,1,1,1,705,271,868,6.559615237493242,5.605802066295998,6.767343125265392,California_Ca Orange,2021-07,3.4962354551676933
Ca Orange,California,2021,8,2021-08-01,1,1,1,287,221,132,5.662960480135946,5.402677381872279,4.890349128221754,California_Ca Orange,2021-08,3.5811088295687883
Ca Orange,California,2021,9,2021-09-01,1,1,1,600,401,398,6.398594934535208,5.996452088619021,5.988961416889864,California_Ca Orange,2021-09,3.6659822039698837
Ca Orange,California,2021,10,2021-10-01,1,1,1,547,447,200,6.306275286948016,6.104793232414985,5.303304908059076,California_Ca Orange,2021-10,3.7481177275838466
Ca Orange,California,2021,11,2021-11-01,1,1,1,613,239,748,6.419994928147142,5.480638923341991,6.618738983517219,California_Ca Orange,2021-11,3.8329911019849416
Ca Orange,California,2021,12,2021-12-01,1,1,1,630,193,874,6.447305862541213,5.267858159063328,6.774223886357614,California_Ca Orange,2021-12,3.915126625598905
Ca Orange,California,2022,1,2022-01-01,1,1,1,259,231,56,5.560681631015528,5.44673737166631,4.04305126783455,California_Ca Orange,2022-01,4
Ca Orange,California,2022,2,2022-02-01,1,1,1,443,290,306,6.095824562432225,5.673323267171493,5.726847747587197,California_Ca Orange,2022-02,4.084873374401095
Ca Orange,California,2022,3,2022-03-01,1,1,1,568,376,384,6.343880434126331,5.932245187448011,5.953243334287785,California_Ca Orange,2022-03,4.161533196440794
Ca Orange,California,2022,4,2022-04-01,1,1,1,400,308,184,5.993961427306569,5.733341276897746,5.220355825078324,California_Ca Orange,2022-04,4.246406570841889
Ca Orange,California,2022,5,2022-05-01,1,1,1,691,292,798,6.539585955617669,5.680172609017068,6.683360945766275,California_Ca Orange,2022-05,4.328542094455853
Ca Orange,California,2022,6,2022-06-01,1,1,1,733,263,940,6.598509028614515,5.575949103146316,6.846943139585379,California_Ca Orange,2022-06,4.413415468856948
Ca Orange,California,2022,7,2022-07-01,1,1,1,287,196,182,5.662960480135946,5.2832037287379885,5.209486152841421,California_Ca Orange,2022-07,4.4955509924709105
Ca Orange,California,2022,8,2022-08-01,1,1,1,385,270,230,5.955837369464831,5.602118820879701,5.442417710521793,California_Ca Orange,2022-08,4.5804243668720055
Ca Orange,California,2022,9,2022-09-01,1,1,1,998,221,1554,6.906754778648554,5.402677381872279,7.349230824613334,California_Ca Orange,2022-09,4.6652977412731005
Ca Orange,California,2022,10,2022-10-01,1,1,1,490,178,624,6.19644412779452,5.187385805840755,6.437751649736401,California_Ca Orange,2022-10,4.747433264887063
Ca Orange,California,2022,11,2022-11-01,1,1,1,269,165,208,5.598421958998375,5.111987788356544,5.342334251964811,California_Ca Orange,2022-11,4.832306639288158
Ca Orange,California,2022,12,2022-12-01,1,1,1,687,160,1054,6.5337888379333435,5.081404364984463,6.961296045910167,California_Ca Orange,2022-12,4.914442162902122
Ca Sacramento,California,2018,1,2018-01-01,1,0,0,490,275,430,6.19644412779452,5.62040086571715,6.066108090103747,California_Ca Sacramento,2018-01,0
Ca Sacramento,California,2018,2,2018-02-01,1,0,0,195,183,24,5.278114659230517,5.214935757608986,3.2188758248682006,California_Ca Sacramento,2018-02,0.08487337440109514
Ca Sacramento,California,2018,3,2018-03-01,1,0,0,417,373,88,6.035481432524756,5.924255797414532,4.48863636973214,California_Ca Sacramento,2018-03,0.16153319644079397
Ca Sacramento,California,2018,4,2018-04-01,1,0,0,272,272,0,5.60947179518496,5.60947179518496,0,California_Ca Sacramento,2018-04,0.2464065708418891
Ca Sacramento,California,2018,5,2018-05-01,1,0,0,755,338,834,6.628041376179533,5.82600010738045,6.727431724850855,California_Ca Sacramento,2018-05,0.32854209445585214
Ca Sacramento,California,2018,6,2018-06-01,1,0,0,592,477,230,6.385194398997726,6.169610732491456,5.442417710521793,California_Ca Sacramento,2018-06,0.4134154688569473
Ca Sacramento,California,2018,7,2018-07-01,1,0,0,440,342,196,6.089044875446846,5.8377304471659395,5.2832037287379885,California_Ca Sacramento,2018-07,0.49555099247091033
Ca Sacramento,California,2018,8,2018-08-01,1,0,0,404,322,164,6.003887067106539,5.777652323222656,5.10594547390058,California_Ca Sacramento,2018-08,0.5804243668720055
Ca Sacramento,California,2018,9,2018-09-01,1,0,0,241,223,36,5.488937726156687,5.4116460518550396,3.6109179126442243,California_Ca Sacramento,2018-09,0.6652977412731006
Ca Sacramento,California,2018,10,2018-10-01,1,0,0,366,290,152,5.905361848054571,5.673323267171493,5.030437921392435,California_Ca Sacramento,2018-10,0.7474332648870636
Ca Sacramento,California,2018,11,2018-11-01,1,0,0,266,254,24,5.58724865840025,5.541263545158426,3.2188758248682006,California_Ca Sacramento,2018-11,0.8323066392881588
Ca Sacramento,California,2018,12,2018-12-01,1,0,0,229,229,0,5.438079308923196,5.438079308923196,0,California_Ca Sacramento,2018-12,0.9144421629021219
Ca Sacramento,California,2019,1,2019-01-01,1,0,0,391,230,322,5.971261839790462,5.442417710521793,5.777652323222656,California_Ca Sacramento,2019-01,0.999315537303217
Ca Sacramento,California,2019,2,2019-02-01,1,0,0,300,185,230,5.707110264748875,5.225746673713202,5.442417710521793,California_Ca Sacramento,2019-02,1.0841889117043122
Ca Sacramento,California,2019,3,2019-03-01,1,0,0,426,410,32,6.056784013228625,6.018593214496234,3.4965075614664802,California_Ca Sacramento,2019-03,1.160848733744011
Ca Sacramento,California,2019,4,2019-04-01,1,0,0,549,365,368,6.309918278226516,5.902633333401366,5.910796644040527,California_Ca Sacramento,2019-04,1.2457221081451062
Ca Sacramento,California,2019,5,2019-05-01,1,0,0,413,377,72,6.025865973825314,5.934894195619588,4.290459441148391,California_Ca Sacramento,2019-05,1.3278576317590691
Ca Sacramento,California,2019,6,2019-06-01,1,0,0,439,389,100,6.0867747269123065,5.966146739123692,4.61512051684126,California_Ca Sacramento,2019-06,1.4127310061601643
Ca Sacramento,California,2019,7,2019-07-01,1,0,0,601,275,652,6.400257445308821,5.62040086571715,6.481577129276431,California_Ca Sacramento,2019-07,1.4948665297741273
Ca Sacramento,California,2019,8,2019-08-01,1,0,0,340,323,34,5.831882477283517,5.780743515792329,3.5553480614894135,California_Ca Sacramento,2019-08,1.5797399041752225
Ca Sacramento,California,2019,9,2019-09-01,1,0,0,300,288,24,5.707110264748875,5.666426688112432,3.2188758248682006,California_Ca Sacramento,2019-09,1.6646132785763177
Ca Sacramento,California,2019,10,2019-10-01,1,0,0,1024,416,1216,6.932447891572509,6.0330862217988015,7.104144092987527,California_Ca Sacramento,2019-10,1.7467488021902806
Ca Sacramento,California,2019,11,2019-11-01,1,0,0,466,379,174,6.1463292576688975,5.940171252720432,5.1647859739235145,California_Ca Sacramento,2019-11,1.8316221765913758
Ca Sacramento,California,2019,12,2019-12-01,1,0,0,291,260,62,5.676753802268282,5.564520407322694,4.143134726391533,California_Ca Sacramento,2019-12,1.9137577002053388
Ca Sacramento,California,2020,1,2020-01-01,1,1,1,464,283,362,6.142037405587356,5.648974238161206,5.8944028342648505,California_Ca Sacramento,2020-01,1.998631074606434
Ca Sacramento,California,2020,2,2020-02-01,1,1,1,391,349,84,5.971261839790462,5.857933154483459,4.442651256490317,California_Ca Sacramento,2020-02,2.083504449007529
Ca Sacramento,California,2020,3,2020-03-01,1,1,1,402,279,246,5.998936561946683,5.634789603169249,5.5093883366279774,California_Ca Sacramento,2020-03,2.16290212183436
Ca Sacramento,California,2020,4,2020-04-01,1,1,1,129,118,22,4.867534450455582,4.77912349311153,3.1354942159291497,California_Ca Sacramento,2020-04,2.2477754962354553
Ca Sacramento,California,2020,5,2020-05-01,1,1,1,818,161,1314,6.70808408385307,5.087596335232384,7.181591944611865,California_Ca Sacramento,2020-05,2.329911019849418
Ca Sacramento,California,2020,6,2020-06-01,1,1,1,865,306,1118,6.763884908562435,5.726847747587197,7.020190708311925,California_Ca Sacramento,2020-06,2.414784394250513
Ca Sacramento,California,2020,7,2020-07-01,1,1,1,306,292,28,5.726847747587197,5.680172609017068,3.367295829986474,California_Ca Sacramento,2020-07,2.4969199178644765
Ca Sacramento,California,2020,8,2020-08-01,1,1,1,351,261,180,5.863631175598097,5.568344503761097,5.198497031265826,California_Ca Sacramento,2020-08,2.5817932922655715
Ca Sacramento,California,2020,9,2020-09-01,1,1,1,495,351,288,6.206575926724928,5.863631175598097,5.666426688112432,California_Ca Sacramento,2020-09,2.6666666666666665
Ca Sacramento,California,2020,10,2020-10-01,1,1,1,405,342,126,6.0063531596017325,5.8377304471659395,4.844187086458591,California_Ca Sacramento,2020-10,2.74880219028063
Ca Sacramento,California,2020,11,2020-11-01,1,1,1,427,248,358,6.059123195581797,5.517452896464707,5.883322388488279,California_Ca Sacramento,2020-11,2.833675564681725
Ca Sacramento,California,2020,12,2020-12-01,1,1,1,1055,454,1202,6.962243464266207,6.12029741895095,7.0925737159746784,California_Ca Sacramento,2020-12,2.915811088295688
Ca Sacramento,California,2021,1,2021-01-01,1,1,1,301,225,152,5.71042701737487,5.420534999272286,5.030437921392435,California_Ca Sacramento,2021-01,3.0006844626967832
Ca Sacramento,California,2021,2,2021-02-01,1,1,1,467,467,0,6.148468295917647,6.148468295917647,0,California_Ca Sacramento,2021-02,3.0855578370978782
Ca Sacramento,California,2021,3,2021-03-01,1,1,1,664,376,576,6.499787040655854,5.932245187448011,6.3578422665081,California_Ca Sacramento,2021-03,3.162217659137577
Ca Sacramento,California,2021,4,2021-04-01,1,1,1,703,379,648,6.556778356158042,5.940171252720432,6.47543271670409,California_Ca Sacramento,2021-04,3.247091033538672
Ca Sacramento,California,2021,5,2021-05-01,1,1,1,513,451,124,6.2422232654551655,6.113682179832232,4.8283137373023015,California_Ca Sacramento,2021-05,3.3292265571526354
Ca Sacramento,California,2021,6,2021-06-01,1,1,1,725,412,626,6.587550014824796,6.023447592961033,6.440946540632921,California_Ca Sacramento,2021-06,3.4140999315537304
Ca Sacramento,California,2021,7,2021-07-01,1,1,1,266,262,8,5.58724865840025,5.572154032177765,2.1972245773362196,California_Ca Sacramento,2021-07,3.4962354551676933
Ca Sacramento,California,2021,8,2021-08-01,1,1,1,529,280,498,6.272877006546167,5.638354669333745,6.212606095751519,California_Ca Sacramento,2021-08,3.5811088295687883
Ca Sacramento,California,2021,9,2021-09-01,1,1,1,225,217,16,5.420534999272286,5.384495062789089,2.833213344056216,California_Ca Sacramento,2021-09,3.6659822039698837
Ca Sacramento,California,2021,10,2021-10-01,1,1,1,357,315,84,5.8805329864007,5.755742213586912,4.442651256490317,California_Ca Sacramento,2021-10,3.7481177275838466
Ca Sacramento,California,2021,11,2021-11-01,1,1,1,472,299,346,6.159095388491933,5.703782474656201,5.849324779946859,California_Ca Sacramento,2021-11,3.8329911019849416
Ca Sacramento,California,2021,12,2021-12-01,1,1,1,808,268,1080,6.695798917058491,5.594711379601839,6.985641817639208,California_Ca Sacramento,2021-12,3.915126625598905
Ca Sacramento,California,2022,1,2022-01-01,1,1,1,389,295,188,5.966146739123692,5.69035945432406,5.241747015059643,California_Ca Sacramento,2022-01,4
Ca Sacramento,California,2022,2,2022-02-01,1,1,1,515,329,372,6.246106765481563,5.799092654460526,5.921578419643816,California_Ca Sacramento,2022-02,4.084873374401095
Ca Sacramento,California,2022,3,2022-03-01,1,1,1,628,465,326,6.444131256700441,6.1441856341256456,5.7899601708972535,California_Ca Sacramento,2022-03,4.161533196440794
Ca Sacramento,California,2022,4,2022-04-01,1,1,1,582,387,390,6.368187186350492,5.961005339623274,5.968707559985366,California_Ca Sacramento,2022-04,4.246406570841889
Ca Sacramento,California,2022,5,2022-05-01,1,1,1,387,373,28,5.961005339623274,5.924255797414532,3.367295829986474,California_Ca Sacramento,2022-05,4.328542094455853
Ca Sacramento,California,2022,6,2022-06-01,1,1,1,758,394,728,6.63200177739563,5.978885764901122,6.591673732008658,California_Ca Sacramento,2022-06,4.413415468856948
Ca Sacramento,California,2022,7,2022-07-01,1,1,1,212,208,8,5.3612921657094255,5.342334251964811,2.1972245773362196,California_Ca Sacramento,2022-07,4.4955509924709105
Ca Sacramento,California,2022,8,2022-08-01,1,1,1,591,263,656,6.3835066348840055,5.575949103146316,6.48768401848461,California_Ca Sacramento,2022-08,4.5804243668720055
Ca Sacramento,California,2022,9,2022-09-01,1,1,1,372,273,198,5.921578419643816,5.6131281063880705,5.293304824724492,California_Ca Sacramento,2022-09,4.6652977412731005
Ca Sacramento,California,2022,10,2022-10-01,1,1,1,269,265,8,5.598421958998375,5.583496308781699,2.1972245773362196,California_Ca Sacramento,2022-10,4.747433264887063
Ca Sacramento,California,2022,11,2022-11-01,1,1,1,198,192,12,5.293304824724492,5.262690188904886,2.5649493574615367,California_Ca Sacramento,2022-11,4.832306639288158
Ca Sacramento,California,2022,12,2022-12-01,1,1,1,290,191,198,5.673323267171493,5.2574953720277815,5.293304824724492,California_Ca Sacramento,2022-12,4.914442162902122
Ca Sandiego,California,2018,1,2018-01-01,1,0,0,1265,420,1690,7.143617602704121,6.042632833682381,7.43307534889858,California_Ca Sandiego,2018-01,0
Ca Sandiego,California,2018,2,2018-02-01,1,0,0,596,210,772,6.391917113392602,5.351858133476067,6.650279048587422,California_Ca Sandiego,2018-02,0.08487337440109514
Ca Sandiego,California,2018,3,2018-03-01,1,0,0,912,307,1210,6.816735880594968,5.730099782973574,7.099201743553092,California_Ca Sandiego,2018-03,0.16153319644079397
Ca Sandiego,California,2018,4,2018-04-01,1,0,0,953,264,1378,6.860663671448287,5.579729825986222,7.229113877793302,California_Ca Sandiego,2018-04,0.2464065708418891
Ca Sandiego,California,2018,5,2018-05-01,1,0,0,1775,643,2264,7.4821189235521155,6.467698726104354,7.725330037917135,California_Ca Sandiego,2018-05,0.32854209445585214
Ca Sandiego,California,2018,6,2018-06-01,1,0,0,1455,297,2316,7.283448228756631,5.697093486505405,7.748028524432376,California_Ca Sandiego,2018-06,0.4134154688569473
Ca Sandiego,California,2018,7,2018-07-01,1,0,0,384,246,276,5.953243334287785,5.5093883366279774,5.6240175061873385,California_Ca Sandiego,2018-07,0.49555099247091033
Ca Sandiego,California,2018,8,2018-08-01,1,0,0,504,308,392,6.22455842927536,5.733341276897746,5.973809611869261,California_Ca Sandiego,2018-08,0.5804243668720055
Ca Sandiego,California,2018,9,2018-09-01,1,0,0,689,215,948,6.536691597591305,5.375278407684165,6.855408798609928,California_Ca Sandiego,2018-09,0.6652977412731006
Ca Sandiego,California,2018,10,2018-10-01,1,0,0,449,236,426,6.1092475827643655,5.4680601411351315,6.056784013228625,California_Ca Sandiego,2018-10,0.7474332648870636
Ca Sandiego,California,2018,11,2018-11-01,1,0,0,273,198,150,5.6131281063880705,5.293304824724492,5.017279836814924,California_Ca Sandiego,2018-11,0.8323066392881588
Ca Sandiego,California,2018,12,2018-12-01,1,0,0,533,166,734,6.280395838960195,5.117993812416755,6.5998704992128365,California_Ca Sandiego,2018-12,0.9144421629021219
Ca Sandiego,California,2019,1,2019-01-01,1,0,0,344,248,192,5.84354441703136,5.517452896464707,5.262690188904886,California_Ca Sandiego,2019-01,0.999315537303217
Ca Sandiego,California,2019,2,2019-02-01,1,0,0,272,191,162,5.60947179518496,5.2574953720277815,5.093750200806762,California_Ca Sandiego,2019-02,1.0841889117043122
Ca Sandiego,California,2019,3,2019-03-01,1,0,0,519,257,524,6.253828811575473,5.552959584921617,6.263398262591624,California_Ca Sandiego,2019-03,1.160848733744011
Ca Sandiego,California,2019,4,2019-04-01,1,0,0,902,317,1170,6.805722553416985,5.762051382780177,7.065613363597717,California_Ca Sandiego,2019-04,1.2457221081451062
Ca Sandiego,California,2019,5,2019-05-01,1,0,0,1324,244,2160,7.1891677384203225,5.501258210544727,7.6783263565068856,California_Ca Sandiego,2019-05,1.3278576317590691
Ca Sandiego,California,2019,6,2019-06-01,1,0,0,716,293,846,6.57507584059962,5.683579767338681,6.741700694652055,California_Ca Sandiego,2019-06,1.4127310061601643
Ca Sandiego,California,2019,7,2019-07-01,1,0,0,424,294,260,6.052089168924417,5.68697535633982,5.564520407322694,California_Ca Sandiego,2019-07,1.4948665297741273
Ca Sandiego,California,2019,8,2019-08-01,1,0,0,919,242,1354,6.824373670043086,5.493061443340548,7.2115567333138015,California_Ca Sandiego,2019-08,1.5797399041752225
Ca Sandiego,California,2019,9,2019-09-01,1,0,0,976,201,1550,6.884486652042782,5.308267697401205,7.346655163176539,California_Ca Sandiego,2019-09,1.6646132785763177
Ca Sandiego,California,2019,10,2019-10-01,1,0,0,734,309,850,6.5998704992128365,5.736572297479192,6.7464121285733745,California_Ca Sandiego,2019-10,1.7467488021902806
Ca Sandiego,California,2019,11,2019-11-01,1,0,0,441,230,422,6.091309882077698,5.442417710521793,6.0473721790462776,California_Ca Sandiego,2019-11,1.8316221765913758
Ca Sandiego,California,2019,12,2019-12-01,1,0,0,511,197,628,6.238324625039508,5.288267030694535,6.444131256700441,California_Ca Sandiego,2019-12,1.9137577002053388
Ca Sandiego,California,2020,1,2020-01-01,1,1,1,624,262,724,6.437751649736401,5.572154032177765,6.586171654854675,California_Ca Sandiego,2020-01,1.998631074606434
Ca Sandiego,California,2020,2,2020-02-01,1,1,1,467,371,192,6.148468295917647,5.918893854273146,5.262690188904886,California_Ca Sandiego,2020-02,2.083504449007529
Ca Sandiego,California,2020,3,2020-03-01,1,1,1,859,200,1318,6.756932389247553,5.303304908059076,7.1846291527173145,California_Ca Sandiego,2020-03,2.16290212183436
Ca Sandiego,California,2020,4,2020-04-01,1,1,1,674,156,1036,6.51471269087253,5.056245805348308,6.9440872082295275,California_Ca Sandiego,2020-04,2.2477754962354553
Ca Sandiego,California,2020,5,2020-05-01,1,1,1,621,136,970,6.432940092739179,4.919980925828125,6.878326468291325,California_Ca Sandiego,2020-05,2.329911019849418
Ca Sandiego,California,2020,6,2020-06-01,1,1,1,865,342,1046,6.763884908562435,5.8377304471659395,6.953684210870537,California_Ca Sandiego,2020-06,2.414784394250513
Ca Sandiego,California,2020,7,2020-07-01,1,1,1,752,249,1006,6.6240652277998935,5.521460917862246,6.914730892718563,California_Ca Sandiego,2020-07,2.4969199178644765
Ca Sandiego,California,2020,8,2020-08-01,1,1,1,990,257,1466,6.898714534329988,5.552959584921617,7.2909747781429814,California_Ca Sandiego,2020-08,2.5817932922655715
Ca Sandiego,California,2020,9,2020-09-01,1,1,1,547,238,618,6.306275286948016,5.476463551931511,6.428105272684596,California_Ca Sandiego,2020-09,2.6666666666666665
Ca Sandiego,California,2020,10,2020-10-01,1,1,1,898,266,1264,6.80128303447162,5.58724865840025,7.142827401161621,California_Ca Sandiego,2020-10,2.74880219028063
Ca Sandiego,California,2020,11,2020-11-01,1,1,1,602,146,912,6.401917196727186,4.990432586778736,6.816735880594968,California_Ca Sandiego,2020-11,2.833675564681725
Ca Sandiego,California,2020,12,2020-12-01,1,1,1,1548,275,2546,7.3453648404168685,5.62040086571715,7.842671474979457,California_Ca Sandiego,2020-12,2.915811088295688
Ca Sandiego,California,2021,1,2021-01-01,1,1,1,978,226,1504,6.88653164253051,5.424950017481403,7.316548177182976,California_Ca Sandiego,2021-01,3.0006844626967832
Ca Sandiego,California,2021,2,2021-02-01,1,1,1,750,278,944,6.621405651764134,5.631211781821365,6.851184927493743,California_Ca Sandiego,2021-02,3.0855578370978782
Ca Sandiego,California,2021,3,2021-03-01,1,1,1,894,294,1200,6.796823718274855,5.68697535633982,7.0909098220799835,California_Ca Sandiego,2021-03,3.162217659137577
Ca Sandiego,California,2021,4,2021-04-01,1,1,1,540,267,546,6.293419278846481,5.5909869805108565,6.304448802421981,California_Ca Sandiego,2021-04,3.247091033538672
Ca Sandiego,California,2021,5,2021-05-01,1,1,1,391,196,390,5.971261839790462,5.2832037287379885,5.968707559985366,California_Ca Sandiego,2021-05,3.3292265571526354
Ca Sandiego,California,2021,6,2021-06-01,1,1,1,872,288,1168,6.771935555839602,5.666426688112432,7.063903961472068,California_Ca Sandiego,2021-06,3.4140999315537304
Ca Sandiego,California,2021,7,2021-07-01,1,1,1,684,235,898,6.529418838262226,5.4638318050256105,6.80128303447162,California_Ca Sandiego,2021-07,3.4962354551676933
Ca Sandiego,California,2021,8,2021-08-01,1,1,1,1202,332,1740,7.0925737159746784,5.808142489980444,7.462214939768189,California_Ca Sandiego,2021-08,3.5811088295687883
Ca Sandiego,California,2021,9,2021-09-01,1,1,1,662,286,752,6.4967749901858625,5.659482215759621,6.6240652277998935,California_Ca Sandiego,2021-09,3.6659822039698837
Ca Sandiego,California,2021,10,2021-10-01,1,1,1,875,295,1160,6.775366090936392,5.69035945432406,7.057036981697891,California_Ca Sandiego,2021-10,3.7481177275838466
Ca Sandiego,California,2021,11,2021-11-01,1,1,1,514,260,508,6.244166900663736,5.564520407322694,6.2324480165505225,California_Ca Sandiego,2021-11,3.8329911019849416
Ca Sandiego,California,2021,12,2021-12-01,1,1,1,1034,255,1558,6.942156705699469,5.545177444479562,7.351799869057777,California_Ca Sandiego,2021-12,3.915126625598905
Ca Sandiego,California,2022,1,2022-01-01,1,1,1,766,329,874,6.642486801367256,5.799092654460526,6.774223886357614,California_Ca Sandiego,2022-01,4
Ca Sandiego,California,2022,2,2022-02-01,1,1,1,593,299,588,6.386879319362645,5.703782474656201,6.3784261836515865,California_Ca Sandiego,2022-02,4.084873374401095
Ca Sandiego,California,2022,3,2022-03-01,1,1,1,1148,354,1588,7.046647277848756,5.872117789475416,7.370860166536716,California_Ca Sandiego,2022-03,4.161533196440794
Ca Sandiego,California,2022,4,2022-04-01,1,1,1,1019,388,1262,6.927557906278317,5.963579343618446,7.141245122350491,California_Ca Sandiego,2022-04,4.246406570841889
Ca Sandiego,California,2022,5,2022-05-01,1,1,1,701,465,472,6.553933404025811,6.1441856341256456,6.159095388491933,California_Ca Sandiego,2022-05,4.328542094455853
Ca Sandiego,California,2022,6,2022-06-01,1,1,1,1564,370,2388,7.3556411029742534,5.916202062607435,7.77863014732581,California_Ca Sandiego,2022-06,4.413415468856948
Ca Sandiego,California,2022,7,2022-07-01,1,1,1,396,251,290,5.983936280687191,5.529429087511423,5.673323267171493,California_Ca Sandiego,2022-07,4.4955509924709105
Ca Sandiego,California,2022,8,2022-08-01,1,1,1,1080,227,1706,6.985641817639208,5.429345628954441,7.442492722794441,California_Ca Sandiego,2022-08,4.5804243668720055
Ca Sandiego,California,2022,9,2022-09-01,1,1,1,653,229,848,6.483107351457199,5.438079308923196,6.744059186311348,California_Ca Sandiego,2022-09,4.6652977412731005
Ca Sandiego,California,2022,10,2022-10-01,1,1,1,421,189,464,6.045005314036012,5.247024072160486,6.142037405587356,California_Ca Sandiego,2022-10,4.747433264887063
Ca Sandiego,California,2022,11,2022-11-01,1,1,1,401,230,342,5.996452088619021,5.442417710521793,5.8377304471659395,California_Ca Sandiego,2022-11,4.832306639288158
Ca Sandiego,California,2022,12,2022-12-01,1,1,1,701,189,1024,6.553933404025811,5.247024072160486,6.932447891572509,California_Ca Sandiego,2022-12,4.914442162902122
Tx Bexar,Texas,2018,1,2018-01-01,0,0,0,937,343,1188,6.843749949006225,5.840641657373398,7.080867896690782,Texas_Tx Bexar,2018-01,0
Tx Bexar,Texas,2018,2,2018-02-01,0,0,0,341,317,48,5.834810737062605,5.762051382780177,3.8918202981106265,Texas_Tx Bexar,2018-02,0.08487337440109514
Tx Bexar,Texas,2018,3,2018-03-01,0,0,0,460,428,64,6.133398042996649,6.061456918928017,4.174387269895637,Texas_Tx Bexar,2018-03,0.16153319644079397
Tx Bexar,Texas,2018,4,2018-04-01,0,0,0,341,330,22,5.834810737062605,5.802118375377063,3.1354942159291497,Texas_Tx Bexar,2018-04,0.2464065708418891
Tx Bexar,Texas,2018,5,2018-05-01,0,0,0,783,437,692,6.664409020350408,6.082218910376446,6.541029999189903,Texas_Tx Bexar,2018-05,0.32854209445585214
Tx Bexar,Texas,2018,6,2018-06-01,0,0,0,806,402,808,6.693323668269949,5.998936561946683,6.695798917058491,Texas_Tx Bexar,2018-06,0.4134154688569473
Tx Bexar,Texas,2018,7,2018-07-01,0,0,0,840,424,832,6.734591659972948,6.052089168924417,6.725033642166843,Texas_Tx Bexar,2018-07,0.49555099247091033
Tx Bexar,Texas,2018,8,2018-08-01,0,0,0,443,416,54,6.095824562432225,6.0330862217988015,4.007333185232471,Texas_Tx Bexar,2018-08,0.5804243668720055
Tx Bexar,Texas,2018,9,2018-09-01,0,0,0,662,337,650,6.4967749901858625,5.823045895483019,6.478509642208569,Texas_Tx Bexar,2018-09,0.6652977412731006
Tx Bexar,Texas,2018,10,2018-10-01,0,0,0,784,412,744,6.665683717782408,6.023447592961033,6.61338421837956,Texas_Tx Bexar,2018-10,0.7474332648870636
Tx Bexar,Texas,2018,11,2018-11-01,0,0,0,324,292,64,5.783825182329737,5.680172609017068,4.174387269895637,Texas_Tx Bexar,2018-11,0.8323066392881588
Tx Bexar,Texas,2018,12,2018-12-01,0,0,0,650,238,824,6.478509642208569,5.476463551931511,6.715383386334681,Texas_Tx Bexar,2018-12,0.9144421629021219
Tx Bexar,Texas,2019,1,2019-01-01,0,0,0,123,94,58,4.820281565605037,4.553876891600541,4.07753744390572,Texas_Tx Bexar,2019-01,0.999315537303217
Tx Bexar,Texas,2019,2,2019-02-01,0,0,0,2365,501,3728,7.768956044538332,6.218600119691729,8.22389538017882,Texas_Tx Bexar,2019-02,1.0841889117043122
Tx Bexar,Texas,2019,3,2019-03-01,0,0,0,412,391,42,6.023447592961033,5.971261839790462,3.7612001156935624,Texas_Tx Bexar,2019-03,1.160848733744011
Tx Bexar,Texas,2019,4,2019-04-01,0,0,0,1301,412,1778,7.171656822768514,6.023447592961033,7.483806687665835,Texas_Tx Bexar,2019-04,1.2457221081451062
Tx Bexar,Texas,2019,5,2019-05-01,0,0,0,514,503,22,6.244166900663736,6.222576268071369,3.1354942159291497,Texas_Tx Bexar,2019-05,1.3278576317590691
Tx Bexar,Texas,2019,6,2019-06-01,0,0,0,894,442,904,6.796823718274855,6.093569770045136,6.807934943699926,Texas_Tx Bexar,2019-06,1.4127310061601643
Tx Bexar,Texas,2019,7,2019-07-01,0,0,0,910,493,834,6.814542897259958,6.202535517187923,6.727431724850855,Texas_Tx Bexar,2019-07,1.4948665297741273
Tx Bexar,Texas,2019,8,2019-08-01,0,0,0,1081,527,1108,6.9865664594064265,6.269096283706261,7.011213987350367,Texas_Tx Bexar,2019-08,1.5797399041752225
Tx Bexar,Texas,2019,9,2019-09-01,0,0,0,1114,405,1418,7.016609683894219,6.0063531596017325,7.257707677160043,Texas_Tx Bexar,2019-09,1.6646132785763177
Tx Bexar,Texas,2019,10,2019-10-01,0,0,0,693,543,300,6.542471960506805,6.298949246855942,5.707110264748875,Texas_Tx Bexar,2019-10,1.7467488021902806
Tx Bexar,Texas,2019,11,2019-11-01,0,0,0,1087,425,1324,6.992096427415888,6.054439346269371,7.1891677384203225,Texas_Tx Bexar,2019-11,1.8316221765913758
Tx Bexar,Texas,2019,12,2019-12-01,0,0,0,663,345,636,6.498282149476434,5.846438775057725,6.456769655572163,Texas_Tx Bexar,2019-12,1.9137577002053388
Tx Bexar,Texas,2020,1,2020-01-01,0,1,0,717,427,580,6.576469569048224,6.059123195581797,6.364750756851911,Texas_Tx Bexar,2020-01,1.998631074606434
Tx Bexar,Texas,2020,2,2020-02-01,0,1,0,598,354,488,6.395261598115449,5.872117789475416,6.192362489474872,Texas_Tx Bexar,2020-02,2.083504449007529
Tx Bexar,Texas,2020,3,2020-03-01,0,1,0,954,494,920,6.86171134048073,6.20455776256869,6.825460036255307,Texas_Tx Bexar,2020-03,2.16290212183436
Tx Bexar,Texas,2020,4,2020-04-01,0,1,0,716,327,778,6.57507584059962,5.793013608384144,6.658011045870748,Texas_Tx Bexar,2020-04,2.2477754962354553
Tx Bexar,Texas,2020,5,2020-05-01,0,1,0,696,317,758,6.546785410760524,5.762051382780177,6.63200177739563,Texas_Tx Bexar,2020-05,2.329911019849418
Tx Bexar,Texas,2020,6,2020-06-01,0,1,0,1010,411,1198,6.918695219020472,6.021023349349527,7.089243155027514,Texas_Tx Bexar,2020-06,2.414784394250513
Tx Bexar,Texas,2020,7,2020-07-01,0,1,0,1019,471,1096,6.927557906278317,6.156978985585555,7.00033446027523,Texas_Tx Bexar,2020-07,2.4969199178644765
Tx Bexar,Texas,2020,8,2020-08-01,0,1,0,1346,426,1840,7.205635176410364,6.056784013228625,7.518064181233078,Texas_Tx Bexar,2020-08,2.5817932922655715
Tx Bexar,Texas,2020,9,2020-09-01,0,1,0,447,416,62,6.104793232414985,6.0330862217988015,4.143134726391533,Texas_Tx Bexar,2020-09,2.6666666666666665
Tx Bexar,Texas,2020,10,2020-10-01,0,1,0,1062,584,956,6.968850378341948,6.371611847231857,6.863803391452954,Texas_Tx Bexar,2020-10,2.74880219028063
Tx Bexar,Texas,2020,11,2020-11-01,0,1,0,867,509,716,6.7661917146603505,6.234410725718371,6.57507584059962,Texas_Tx Bexar,2020-11,2.833675564681725
Tx Bexar,Texas,2020,12,2020-12-01,0,1,0,962,597,730,6.870053411798126,6.393590753950631,6.594413459749778,Texas_Tx Bexar,2020-12,2.915811088295688
Tx Bexar,Texas,2021,1,2021-01-01,0,1,0,1419,698,1442,7.258412150595307,6.54965074223381,7.274479558773871,Texas_Tx Bexar,2021-01,3.0006844626967832
Tx Bexar,Texas,2021,2,2021-02-01,0,1,0,1228,593,1270,7.113956109566034,6.386879319362645,7.147559271189454,Texas_Tx Bexar,2021-02,3.0855578370978782
Tx Bexar,Texas,2021,3,2021-03-01,0,1,0,1624,869,1510,7.393263094763838,6.76849321164863,7.32052696227274,Texas_Tx Bexar,2021-03,3.162217659137577
Tx Bexar,Texas,2021,4,2021-04-01,0,1,0,1348,673,1350,7.207118856207756,6.513230110912307,7.208600337960199,Texas_Tx Bexar,2021-04,3.247091033538672
Tx Bexar,Texas,2021,5,2021-05-01,0,1,0,887,818,138,6.78897174299217,6.70808408385307,4.9344739331306915,Texas_Tx Bexar,2021-05,3.3292265571526354
Tx Bexar,Texas,2021,6,2021-06-01,0,1,0,1733,636,2194,7.458186157340487,6.456769655572163,7.693937325509272,Texas_Tx Bexar,2021-06,3.4140999315537304
Tx Bexar,Texas,2021,7,2021-07-01,0,1,0,1494,612,1764,7.3098814858247865,6.418364935936212,7.475905969367397,Texas_Tx Bexar,2021-07,3.4962354551676933
Tx Bexar,Texas,2021,8,2021-08-01,0,1,0,1744,713,2062,7.4645098346365275,6.570882962339584,7.631916513071252,Texas_Tx Bexar,2021-08,3.5811088295687883
Tx Bexar,Texas,2021,9,2021-09-01,0,1,0,1012,583,858,6.920671504248683,6.369900982828227,6.755768921984255,Texas_Tx Bexar,2021-09,3.6659822039698837
Tx Bexar,Texas,2021,10,2021-10-01,0,1,0,1013,675,676,6.921658184151129,6.516193076042964,6.517671272912275,Texas_Tx Bexar,2021-10,3.7481177275838466
Tx Bexar,Texas,2021,11,2021-11-01,0,1,0,1089,457,1264,6.993932975223189,6.126869184114185,7.142827401161621,Texas_Tx Bexar,2021-11,3.8329911019849416
Tx Bexar,Texas,2021,12,2021-12-01,0,1,0,698,382,632,6.54965074223381,5.948034989180646,6.450470422144176,Texas_Tx Bexar,2021-12,3.915126625598905
Tx Bexar,Texas,2022,1,2022-01-01,0,1,0,2085,545,3080,7.643003635560718,6.302618975744905,8.033009498596668,Texas_Tx Bexar,2022-01,4
Tx Bexar,Texas,2022,2,2022-02-01,0,1,0,861,549,624,6.759255270663693,6.309918278226516,6.437751649736401,Texas_Tx Bexar,2022-02,4.084873374401095
Tx Bexar,Texas,2022,3,2022-03-01,0,1,0,1385,687,1396,7.234177179749849,6.5337888379333435,7.242082359256962,Texas_Tx Bexar,2022-03,4.161533196440794
Tx Bexar,Texas,2022,4,2022-04-01,0,1,0,1674,873,1602,7.423568444259167,6.773080375655535,7.3796321526095525,Texas_Tx Bexar,2022-04,4.246406570841889
Tx Bexar,Texas,2022,5,2022-05-01,0,1,0,1562,656,1812,7.354362330421477,6.48768401848461,7.502738210754851,Texas_Tx Bexar,2022-05,4.328542094455853
Tx Bexar,Texas,2022,6,2022-06-01,0,1,0,1907,523,2768,7.553810852008231,6.261491684321042,7.926241523170962,Texas_Tx Bexar,2022-06,4.413415468856948
Tx Bexar,Texas,2022,7,2022-07-01,0,1,0,1905,410,2990,7.552762084214147,6.018593214496234,8.003363058629947,Texas_Tx Bexar,2022-07,4.4955509924709105
Tx Bexar,Texas,2022,8,2022-08-01,0,1,0,1642,282,2720,7.404279118037268,5.645446897643238,7.908754738783246,Texas_Tx Bexar,2022-08,4.5804243668720055
Tx Bexar,Texas,2022,9,2022-09-01,0,1,0,1181,267,1828,7.074963197966044,5.5909869805108565,7.511524648390866,Texas_Tx Bexar,2022-09,4.6652977412731005
Tx Bexar,Texas,2022,10,2022-10-01,0,1,0,1380,331,2098,7.2305631534092925,5.805134968916488,7.649216319820633,Texas_Tx Bexar,2022-10,4.747433264887063
Tx Bexar,Texas,2022,11,2022-11-01,0,1,0,889,241,1296,6.7912214627261855,5.488937726156687,7.167809184316444,Texas_Tx Bexar,2022-11,4.832306639288158
Tx Bexar,Texas,2022,12,2022-12-01,0,1,0,915,226,1378,6.82001636467413,5.424950017481403,7.229113877793302,Texas_Tx Bexar,2022-12,4.914442162902122
Tx Dallas,Texas,2018,1,2018-01-01,0,0,0,1484,401,2166,7.3031700512368,5.996452088619021,7.681099001536359,Texas_Tx Dallas,2018-01,0
Tx Dallas,Texas,2018,2,2018-02-01,0,0,0,795,336,918,6.679599185844383,5.820082930352362,6.823286122355687,Texas_Tx Dallas,2018-02,0.08487337440109514
Tx Dallas,Texas,2018,3,2018-03-01,0,0,0,1687,494,2386,7.431299675155903,6.20455776256869,7.77779262633883,Texas_Tx Dallas,2018-03,0.16153319644079397
Tx Dallas,Texas,2018,4,2018-04-01,0,0,0,2685,337,4696,7.895808377083183,5.823045895483019,8.454679286026995,Texas_Tx Dallas,2018-04,0.2464065708418891
Tx Dallas,Texas,2018,5,2018-05-01,0,0,0,1457,485,1944,7.284820912568604,6.186208623900494,7.573017256052546,Texas_Tx Dallas,2018-05,0.32854209445585214
Tx Dallas,Texas,2018,6,2018-06-01,0,0,0,2140,426,3428,7.669028288589683,6.056784013228625,8.14002395246292,Texas_Tx Dallas,2018-06,0.4134154688569473
Tx Dallas,Texas,2018,7,2018-07-01,0,0,0,2183,567,3232,7.688913336864796,6.342121418721152,8.081165777725433,Texas_Tx Dallas,2018-07,0.49555099247091033
Tx Dallas,Texas,2018,8,2018-08-01,0,0,0,1265,453,1624,7.143617602704121,6.118097198041348,7.393263094763838,Texas_Tx Dallas,2018-08,0.5804243668720055
Tx Dallas,Texas,2018,9,2018-09-01,0,0,0,1448,443,2010,7.278628942320682,6.095824562432225,7.606387389772652,Texas_Tx Dallas,2018-09,0.6652977412731006
Tx Dallas,Texas,2018,10,2018-10-01,0,0,0,537,417,240,6.2878585601617845,6.035481432524756,5.484796933490655,Texas_Tx Dallas,2018-10,0.7474332648870636
Tx Dallas,Texas,2018,11,2018-11-01,0,0,0,1778,306,2944,7.483806687665835,5.726847747587197,7.987864096085687,Texas_Tx Dallas,2018-11,0.8323066392881588
Tx Dallas,Texas,2018,12,2018-12-01,0,0,0,1107,256,1702,7.010311867307229,5.54907608489522,7.440146680662688,Texas_Tx Dallas,2018-12,0.9144421629021219
Tx Dallas,Texas,2019,1,2019-01-01,0,0,0,2084,435,3298,7.642524134232902,6.077642243349034,8.101374671228582,Texas_Tx Dallas,2019-01,0.999315537303217
Tx Dallas,Texas,2019,2,2019-02-01,0,0,0,827,426,802,6.71901315438526,6.056784013228625,6.688354713946762,Texas_Tx Dallas,2019-02,1.0841889117043122
Tx Dallas,Texas,2019,3,2019-03-01,0,0,0,951,497,908,6.858565034791365,6.210600077024653,6.812345094177479,Texas_Tx Dallas,2019-03,1.160848733744011
Tx Dallas,Texas,2019,4,2019-04-01,0,0,0,1907,488,2838,7.553810852008231,6.192362489474872,7.951207156472972,Texas_Tx Dallas,2019-04,1.2457221081451062
Tx Dallas,Texas,2019,5,2019-05-01,0,0,0,1172,484,1376,7.067319848653476,6.184148890937483,7.227662498728654,Texas_Tx Dallas,2019-05,1.3278576317590691
Tx Dallas,Texas,2019,6,2019-06-01,0,0,0,926,398,1056,6.831953565565855,5.988961416889864,6.963189985870238,Texas_Tx Dallas,2019-06,1.4127310061601643
Tx Dallas,Texas,2019,7,2019-07-01,0,0,0,756,482,548,6.6293632534374485,6.180016653652572,6.3080984415095305,Texas_Tx Dallas,2019-07,1.4948665297741273
Tx Dallas,Texas,2019,8,2019-08-01,0,0,0,1994,461,3066,7.598399329323964,6.135564891081739,8.028455164114252,Texas_Tx Dallas,2019-08,1.5797399041752225
Tx Dallas,Texas,2019,9,2019-09-01,0,0,0,711,407,608,6.568077911411976,6.0112671744041615,6.411818267709897,Texas_Tx Dallas,2019-09,1.6646132785763177
Tx Dallas,Texas,2019,10,2019-10-01,0,0,0,2441,472,3938,7.80057265467065,6.159095388491933,8.278682162970906,Texas_Tx Dallas,2019-10,1.7467488021902806
Tx Dallas,Texas,2019,11,2019-11-01,0,0,0,1789,430,2718,7.489970898834801,6.066108090103747,7.908019444632471,Texas_Tx Dallas,2019-11,1.8316221765913758
Tx Dallas,Texas,2019,12,2019-12-01,0,0,0,944,429,1030,6.851184927493743,6.063785208687608,6.93828448401696,Texas_Tx Dallas,2019-12,1.9137577002053388
Tx Dallas,Texas,2020,1,2020-01-01,0,1,0,1077,456,1242,6.982862751468942,6.124683390894205,7.1252830915107115,Texas_Tx Dallas,2020-01,1.998631074606434
Tx Dallas,Texas,2020,2,2020-02-01,0,1,0,633,529,208,6.452048954437226,6.272877006546167,5.342334251964811,Texas_Tx Dallas,2020-02,2.083504449007529
Tx Dallas,Texas,2020,3,2020-03-01,0,1,0,449,397,104,6.1092475827643655,5.986452005284438,4.653960350157523,Texas_Tx Dallas,2020-03,2.16290212183436
Tx Dallas,Texas,2020,4,2020-04-01,0,1,0,729,355,748,6.593044534142437,5.87493073085203,6.618738983517219,Texas_Tx Dallas,2020-04,2.2477754962354553
Tx Dallas,Texas,2020,5,2020-05-01,0,1,0,1495,305,2380,7.310550158534422,5.723585101952381,7.7752758464868625,Texas_Tx Dallas,2020-05,2.329911019849418
Tx Dallas,Texas,2020,6,2020-06-01,0,1,0,1613,518,2190,7.3864708488298945,6.251903883165888,7.692113339595466,Texas_Tx Dallas,2020-06,2.414784394250513
Tx Dallas,Texas,2020,7,2020-07-01,0,1,0,556,489,134,6.322565239927284,6.194405391104672,4.90527477843843,Texas_Tx Dallas,2020-07,2.4969199178644765
Tx Dallas,Texas,2020,8,2020-08-01,0,1,0,461,447,28,6.135564891081739,6.104793232414985,3.367295829986474,Texas_Tx Dallas,2020-08,2.5817932922655715
Tx Dallas,Texas,2020,9,2020-09-01,0,1,0,856,512,688,6.75343791859778,6.240275845170769,6.535241271013659,Texas_Tx Dallas,2020-09,2.6666666666666665
Tx Dallas,Texas,2020,10,2020-10-01,0,1,0,651,483,336,6.480044561926653,6.182084906716632,5.820082930352362,Texas_Tx Dallas,2020-10,2.74880219028063
Tx Dallas,Texas,2020,11,2020-11-01,0,1,0,1080,509,1142,6.985641817639208,6.234410725718371,7.04141166379481,Texas_Tx Dallas,2020-11,2.833675564681725
Tx Dallas,Texas,2020,12,2020-12-01,0,1,0,1040,580,920,6.947937068614969,6.364750756851911,6.825460036255307,Texas_Tx Dallas,2020-12,2.915811088295688
Tx Dallas,Texas,2021,1,2021-01-01,0,1,0,2737,696,4082,7.914983005848394,6.546785410760524,8.314587291319576,Texas_Tx Dallas,2021-01,3.0006844626967832
Tx Dallas,Texas,2021,2,2021-02-01,0,1,0,1311,534,1554,7.179307969504034,6.282266746896006,7.349230824613334,Texas_Tx Dallas,2021-02,3.0855578370978782
Tx Dallas,Texas,2021,3,2021-03-01,0,1,0,1596,835,1522,7.3758821482150125,6.728628613084702,7.328437352895162,Texas_Tx Dallas,2021-03,3.162217659137577
Tx Dallas,Texas,2021,4,2021-04-01,0,1,0,1072,623,898,6.9782137426306985,6.436150368369428,6.80128303447162,Texas_Tx Dallas,2021-04,3.247091033538672
Tx Dallas,Texas,2021,5,2021-05-01,0,1,0,1583,823,1520,7.367708572374371,6.714170529909472,7.327123292259293,Texas_Tx Dallas,2021-05,3.3292265571526354
Tx Dallas,Texas,2021,6,2021-06-01,0,1,0,2860,706,4308,7.95892649305011,6.561030665896573,8.368461137615839,Texas_Tx Dallas,2021-06,3.4140999315537304
Tx Dallas,Texas,2021,7,2021-07-01,0,1,0,1052,608,888,6.959398512133975,6.411818267709897,6.790097235513905,Texas_Tx Dallas,2021-07,3.4962354551676933
Tx Dallas,Texas,2021,8,2021-08-01,0,1,0,1394,458,1872,7.240649694255466,6.129050210060545,7.5352967024440884,Texas_Tx Dallas,2021-08,3.5811088295687883
Tx Dallas,Texas,2021,9,2021-09-01,0,1,0,1210,623,1174,7.099201743553092,6.436150368369428,7.069023426578259,Texas_Tx Dallas,2021-09,3.6659822039698837
Tx Dallas,Texas,2021,10,2021-10-01,0,1,0,1482,550,1864,7.301822342137932,6.311734809152915,7.5310163320779155,Texas_Tx Dallas,2021-10,3.7481177275838466
Tx Dallas,Texas,2021,11,2021-11-01,0,1,0,1383,454,1858,7.232733136177615,6.12029741895095,7.527793987721444,Texas_Tx Dallas,2021-11,3.8329911019849416
Tx Dallas,Texas,2021,12,2021-12-01,0,1,0,1283,539,1488,7.157735484249907,6.29156913955832,7.305860032684009,Texas_Tx Dallas,2021-12,3.915126625598905
Tx Dallas,Texas,2022,1,2022-01-01,0,1,0,788,510,556,6.670766320845874,6.236369590203704,6.322565239927284,Texas_Tx Dallas,2022-01,4
Tx Dallas,Texas,2022,2,2022-02-01,0,1,0,438,422,32,6.0844994130751715,6.0473721790462776,3.4965075614664802,Texas_Tx Dallas,2022-02,4.084873374401095
Tx Dallas,Texas,2022,3,2022-03-01,0,1,0,1351,614,1474,7.20934025660291,6.421622267806518,7.29641326877392,Texas_Tx Dallas,2022-03,4.161533196440794
Tx Dallas,Texas,2022,4,2022-04-01,0,1,0,1907,597,2620,7.553810852008231,6.393590753950631,7.8713112033234065,Texas_Tx Dallas,2022-04,4.246406570841889
Tx Dallas,Texas,2022,5,2022-05-01,0,1,0,1249,520,1458,7.1308988302963465,6.255750041753367,7.285506548522785,Texas_Tx Dallas,2022-05,4.328542094455853
Tx Dallas,Texas,2022,6,2022-06-01,0,1,0,1490,603,1774,7.307202314764738,6.403574197934815,7.4815557019095165,Texas_Tx Dallas,2022-06,4.413415468856948
Tx Dallas,Texas,2022,7,2022-07-01,0,1,0,2214,440,3548,7.703007682479236,6.089044875446846,8.174421152646497,Texas_Tx Dallas,2022-07,4.4955509924709105
Tx Dallas,Texas,2022,8,2022-08-01,0,1,0,1249,461,1576,7.1308988302963465,6.135564891081739,7.3632795869630385,Texas_Tx Dallas,2022-08,4.5804243668720055
Tx Dallas,Texas,2022,9,2022-09-01,0,1,0,2059,437,3244,7.630461261783627,6.082218910376446,8.08487062913819,Texas_Tx Dallas,2022-09,4.6652977412731005
Tx Dallas,Texas,2022,10,2022-10-01,0,1,0,2043,507,3072,7.622663951323595,6.230481447578482,8.030409562130485,Texas_Tx Dallas,2022-10,4.747433264887063
Tx Dallas,Texas,2022,11,2022-11-01,0,1,0,1099,378,1442,7.003065458786462,5.937536205082426,7.274479558773871,Texas_Tx Dallas,2022-11,4.832306639288158
Tx Dallas,Texas,2022,12,2022-12-01,0,1,0,1395,323,2144,7.241366283322318,5.780743515792329,7.6708948313621175,Texas_Tx Dallas,2022-12,4.914442162902122
Tx Harris,Texas,2018,1,2018-01-01,0,0,0,2012,1437,1150,7.607381425639791,7.271008538280992,7.048386408721883,Texas_Tx Harris,2018-01,0
Tx Harris,Texas,2018,2,2018-02-01,0,0,0,1703,1346,714,7.440733707389261,7.205635176410364,6.5722825426940075,Texas_Tx Harris,2018-02,0.08487337440109514
Tx Harris,Texas,2018,3,2018-03-01,0,0,0,2150,1574,1152,7.67368812926773,7.362010551259734,7.050122520269059,Texas_Tx Harris,2018-03,0.16153319644079397
Tx Harris,Texas,2018,4,2018-04-01,0,0,0,3450,1705,3490,8.146419323098003,7.441906728051625,8.157943507105037,Texas_Tx Harris,2018-04,0.2464065708418891
Tx Harris,Texas,2018,5,2018-05-01,0,0,0,2866,1711,2310,7.96102146588337,7.445417556701687,7.745435610274381,Texas_Tx Harris,2018-05,0.32854209445585214
Tx Harris,Texas,2018,6,2018-06-01,0,0,0,4588,1701,5774,8.431417414394833,7.43955930913332,8.661293535389994,Texas_Tx Harris,2018-06,0.4134154688569473
Tx Harris,Texas,2018,7,2018-07-01,0,0,0,2806,1597,2418,7.939871576361883,7.37650812632622,7.791109510610028,Texas_Tx Harris,2018-07,0.49555099247091033
Tx Harris,Texas,2018,8,2018-08-01,0,0,0,2169,1638,1062,7.682482446534506,7.40184157874383,6.968850378341948,Texas_Tx Harris,2018-08,0.5804243668720055
Tx Harris,Texas,2018,9,2018-09-01,0,0,0,2249,1335,1828,7.718685495198466,7.197435354096591,7.511524648390866,Texas_Tx Harris,2018-09,0.6652977412731006
Tx Harris,Texas,2018,10,2018-10-01,0,0,0,2498,1262,2472,7.823645930834952,7.141245122350491,7.813187267521416,Texas_Tx Harris,2018-10,0.7474332648870636
Tx Harris,Texas,2018,11,2018-11-01,0,0,0,3912,1349,5126,8.272059622210412,7.2078598714324755,8.5422759717837,Texas_Tx Harris,2018-11,0.8323066392881588
Tx Harris,Texas,2018,12,2018-12-01,0,0,0,3696,1029,5334,8.215276958936633,6.937314081223682,8.582044163735853,Texas_Tx Harris,2018-12,0.9144421629021219
Tx Harris,Texas,2019,1,2019-01-01,0,0,0,4383,1399,5968,8.385716828627851,7.24422751560335,8.69433468816865,Texas_Tx Harris,2019-01,0.999315537303217
Tx Harris,Texas,2019,2,2019-02-01,0,0,0,3091,1177,3828,8.036573409707312,7.071573364211532,8.250358951477294,Texas_Tx Harris,2019-02,1.0841889117043122
Tx Harris,Texas,2019,3,2019-03-01,0,0,0,2523,1919,1208,7.8336002236611035,7.560080465021827,7.097548850614793,Texas_Tx Harris,2019-03,1.160848733744011
Tx Harris,Texas,2019,4,2019-04-01,0,0,0,2733,1547,2372,7.913521017283895,7.344719054149673,7.771910256435763,Texas_Tx Harris,2019-04,1.2457221081451062
Tx Harris,Texas,2019,5,2019-05-01,0,0,0,4086,1676,4820,8.315566483564277,7.424761761823209,8.480736654405622,Texas_Tx Harris,2019-05,1.3278576317590691
Tx Harris,Texas,2019,6,2019-06-01,0,0,0,2036,1300,1472,7.619233416226805,7.170888478512505,7.29505641646263,Texas_Tx Harris,2019-06,1.4127310061601643
Tx Harris,Texas,2019,7,2019-07-01,0,0,0,3964,1751,4426,8.285261134068948,7.468513271496337,8.395477432732141,Texas_Tx Harris,2019-07,1.4948665297741273
Tx Harris,Texas,2019,8,2019-08-01,0,0,0,2430,1600,1660,7.796057974316123,7.3783837129967145,7.415175109613295,Texas_Tx Harris,2019-08,1.5797399041752225
Tx Harris,Texas,2019,9,2019-09-01,0,0,0,3557,1531,4052,8.17695386822578,7.3343293503005365,8.307212626628308,Texas_Tx Harris,2019-09,1.6646132785763177
Tx Harris,Texas,2019,10,2019-10-01,0,0,0,2727,1681,2092,7.911324018963353,7.427738840532894,7.646353722445999,Texas_Tx Harris,2019-10,1.7467488021902806
Tx Harris,Texas,2019,11,2019-11-01,0,0,0,3742,1103,5278,8.22764270790443,7.00669522683704,8.571491964823617,Texas_Tx Harris,2019-11,1.8316221765913758
Tx Harris,Texas,2019,12,2019-12-01,0,0,0,2483,1219,2528,7.81762544305337,7.106606137727303,7.835579246669965,Texas_Tx Harris,2019-12,1.9137577002053388
Tx Harris,Texas,2020,1,2020-01-01,0,1,0,2897,1371,3052,7.971776122880628,7.22402480828583,8.023879992734878,Texas_Tx Harris,2020-01,1.998631074606434
Tx Harris,Texas,2020,2,2020-02-01,0,1,0,2377,1490,1774,7.774015077250727,7.307202314764738,7.4815557019095165,Texas_Tx Harris,2020-02,2.083504449007529
Tx Harris,Texas,2020,3,2020-03-01,0,1,0,5077,1727,6700,8.532672762264625,7.454719949364001,8.81001204797317,Texas_Tx Harris,2020-03,2.16290212183436
Tx Harris,Texas,2020,4,2020-04-01,0,1,0,2133,1307,1652,7.665753431861699,7.176254532017144,7.410347097821024,Texas_Tx Harris,2020-04,2.2477754962354553
Tx Harris,Texas,2020,5,2020-05-01,0,1,0,2887,1424,2926,7.968319500012717,7.261927092702751,7.9817332866918855,Texas_Tx Harris,2020-05,2.329911019849418
Tx Harris,Texas,2020,6,2020-06-01,0,1,0,3022,1823,2398,8.014004994779459,7.508787170634276,7.782807262839695,Texas_Tx Harris,2020-06,2.414784394250513
Tx Harris,Texas,2020,7,2020-07-01,0,1,0,3207,2196,2022,8.073402968986406,7.69484807238461,7.612336837167746,Texas_Tx Harris,2020-07,2.4969199178644765
Tx Harris,Texas,2020,8,2020-08-01,0,1,0,3055,2104,1902,8.024862150286411,7.652070746116482,7.551186867296149,Texas_Tx Harris,2020-08,2.5817932922655715
Tx Harris,Texas,2020,9,2020-09-01,0,1,0,3539,1971,3136,8.17188200612782,7.586803535162581,8.051022208190679,Texas_Tx Harris,2020-09,2.6666666666666665
Tx Harris,Texas,2020,10,2020-10-01,0,1,0,3086,1972,2228,8.034955024502159,7.587310506022615,7.709308333385869,Texas_Tx Harris,2020-10,2.74880219028063
Tx Harris,Texas,2020,11,2020-11-01,0,1,0,2166,1445,1442,7.681099001536359,7.27655640271871,7.274479558773871,Texas_Tx Harris,2020-11,2.833675564681725
Tx Harris,Texas,2020,12,2020-12-01,0,1,0,3433,2017,2832,8.141481041457421,7.609862200913554,7.949091499830517,Texas_Tx Harris,2020-12,2.915811088295688
Tx Harris,Texas,2021,1,2021-01-01,0,1,0,2254,1644,1220,7.720905251936779,7.405495663199472,7.107425474110705,Texas_Tx Harris,2021-01,3.0006844626967832
Tx Harris,Texas,2021,2,2021-02-01,0,1,0,2383,1528,1710,7.776535028185241,7.332369205929062,7.444833273892193,Texas_Tx Harris,2021-02,3.0855578370978782
Tx Harris,Texas,2021,3,2021-03-01,0,1,0,2544,2146,796,7.841885928984623,7.671826797878781,6.680854678790215,Texas_Tx Harris,2021-03,3.162217659137577
Tx Harris,Texas,2021,4,2021-04-01,0,1,0,4101,2230,3742,8.319229938632326,7.7102051944325325,8.22764270790443,Texas_Tx Harris,2021-04,3.247091033538672
Tx Harris,Texas,2021,5,2021-05-01,0,1,0,2411,1999,824,7.788211557847076,7.600902459542082,6.715383386334681,Texas_Tx Harris,2021-05,3.3292265571526354
Tx Harris,Texas,2021,6,2021-06-01,0,1,0,2433,1681,1504,7.797291273547472,7.427738840532894,7.316548177182976,Texas_Tx Harris,2021-06,3.4140999315537304
Tx Harris,Texas,2021,7,2021-07-01,0,1,0,4092,1793,4598,8.317033476492403,7.492203042618741,8.433594167539924,Texas_Tx Harris,2021-07,3.4962354551676933
Tx Harris,Texas,2021,8,2021-08-01,0,1,0,3900,1879,4042,8.268988209506656,7.539027055823995,8.304742269640771,Texas_Tx Harris,2021-08,3.5811088295687883
Tx Harris,Texas,2021,9,2021-09-01,0,1,0,1751,1446,610,7.468513271496337,7.277247726631484,6.415096959171596,Texas_Tx Harris,2021-09,3.6659822039698837
Tx Harris,Texas,2021,10,2021-10-01,0,1,0,2777,1634,2286,7.9294865233142895,7.399398083331354,7.734996194022781,Texas_Tx Harris,2021-10,3.7481177275838466
Tx Harris,Texas,2021,11,2021-11-01,0,1,0,2094,1548,1092,7.647308832356238,7.3453648404168685,6.996681488176539,Texas_Tx Harris,2021-11,3.8329911019849416
Tx Harris,Texas,2021,12,2021-12-01,0,1,0,4422,1690,5464,8.394573477868327,7.43307534889858,8.60611940061064,Texas_Tx Harris,2021-12,3.915126625598905
Tx Harris,Texas,2022,1,2022-01-01,0,1,0,2901,1899,2004,7.973155433444133,7.549609165154532,7.60339933974067,Texas_Tx Harris,2022-01,4
Tx Harris,Texas,2022,2,2022-02-01,0,1,0,3272,1931,2682,8.09346227450118,7.566311014772463,7.894690850425624,Texas_Tx Harris,2022-02,4.084873374401095
Tx Harris,Texas,2022,3,2022-03-01,0,1,0,3884,1990,3788,8.264878262801748,7.596392304064196,8.239857411018601,Texas_Tx Harris,2022-03,4.161533196440794
Tx Harris,Texas,2022,4,2022-04-01,0,1,0,2729,1641,2176,7.912056888179006,7.403670290012373,7.685703061234547,Texas_Tx Harris,2022-04,4.246406570841889
Tx Harris,Texas,2022,5,2022-05-01,0,1,0,2829,1815,2028,7.948031990637284,7.504391559161238,7.615298339825815,Texas_Tx Harris,2022-05,4.328542094455853
Tx Harris,Texas,2022,6,2022-06-01,0,1,0,4963,1584,6758,8.509967146324497,7.368339686311381,8.818630229100354,Texas_Tx Harris,2022-06,4.413415468856948
Tx Harris,Texas,2022,7,2022-07-01,0,1,0,3286,1225,4122,8.097730573664219,7.111512116496157,8.3243363327069,Texas_Tx Harris,2022-07,4.4955509924709105
Tx Harris,Texas,2022,8,2022-08-01,0,1,0,3296,1456,3680,8.10076824307173,7.284134806195205,8.210939733379021,Texas_Tx Harris,2022-08,4.5804243668720055
Tx Harris,Texas,2022,9,2022-09-01,0,1,0,3369,1136,4466,8.122668023346407,7.036148493750536,8.404472321352118,Texas_Tx Harris,2022-09,4.6652977412731005
Tx Harris,Texas,2022,10,2022-10-01,0,1,0,3543,1534,4018,8.173011311724972,7.336285660021297,8.2987883944492,Texas_Tx Harris,2022-10,4.747433264887063
Tx Harris,Texas,2022,11,2022-11-01,0,1,0,2323,1117,2412,7.751045117971802,7.0192966537150445,7.7886260656250315,Texas_Tx Harris,2022-11,4.832306639288158
Tx Harris,Texas,2022,12,2022-12-01,0,1,0,2442,845,3194,7.8009820712577405,6.740519359606223,8.069342366811636,Texas_Tx Harris,2022-12,4.914442162902122
Tx Tarrant,Texas,2018,1,2018-01-01,0,0,0,1968,735,2466,7.585281078639126,6.601230118728877,7.810758116529357,Texas_Tx Tarrant,2018-01,0
Tx Tarrant,Texas,2018,2,2018-02-01,0,0,0,1330,672,1316,7.193685818395112,6.511745329644728,7.183111701743281,Texas_Tx Tarrant,2018-02,0.08487337440109514
Tx Tarrant,Texas,2018,3,2018-03-01,0,0,0,1154,690,928,7.051855622955894,6.53813982376767,6.834108738813838,Texas_Tx Tarrant,2018-03,0.16153319644079397
Tx Tarrant,Texas,2018,4,2018-04-01,0,0,0,2101,834,2534,7.650644551436897,6.727431724850855,7.837948916025283,Texas_Tx Tarrant,2018-04,0.2464065708418891
Tx Tarrant,Texas,2018,5,2018-05-01,0,0,0,876,663,426,6.776506992372183,6.498282149476434,6.056784013228625,Texas_Tx Tarrant,2018-05,0.32854209445585214
Tx Tarrant,Texas,2018,6,2018-06-01,0,0,0,1129,616,1026,7.029972911706386,6.424869023905388,6.934397209928558,Texas_Tx Tarrant,2018-06,0.4134154688569473
Tx Tarrant,Texas,2018,7,2018-07-01,0,0,0,689,679,20,6.536691597591305,6.522092798170152,3.044522437723423,Texas_Tx Tarrant,2018-07,0.49555099247091033
Tx Tarrant,Texas,2018,8,2018-08-01,0,0,0,903,881,44,6.806829360392176,6.782192056006791,3.8066624897703196,Texas_Tx Tarrant,2018-08,0.5804243668720055
Tx Tarrant,Texas,2018,9,2018-09-01,0,0,0,1183,758,850,7.076653815443951,6.63200177739563,6.7464121285733745,Texas_Tx Tarrant,2018-09,0.6652977412731006
Tx Tarrant,Texas,2018,10,2018-10-01,0,0,0,1663,773,1780,7.416979621381154,6.651571873589727,7.484930283289661,Texas_Tx Tarrant,2018-10,0.7474332648870636
Tx Tarrant,Texas,2018,11,2018-11-01,0,0,0,830,824,12,6.7226297948554485,6.715383386334681,2.5649493574615367,Texas_Tx Tarrant,2018-11,0.8323066392881588
Tx Tarrant,Texas,2018,12,2018-12-01,0,0,0,534,524,20,6.282266746896006,6.263398262591624,3.044522437723423,Texas_Tx Tarrant,2018-12,0.9144421629021219
Tx Tarrant,Texas,2019,1,2019-01-01,0,0,0,879,683,392,6.779921907472252,6.52795791762255,5.973809611869261,Texas_Tx Tarrant,2019-01,0.999315537303217
Tx Tarrant,Texas,2019,2,2019-02-01,0,0,0,2138,590,3096,7.668093709082406,6.3818160174060985,8.038189179973203,Texas_Tx Tarrant,2019-02,1.0841889117043122
Tx Tarrant,Texas,2019,3,2019-03-01,0,0,0,1725,746,1958,7.453561871643373,6.616065185132817,7.580189417944541,Texas_Tx Tarrant,2019-03,1.160848733744011
Tx Tarrant,Texas,2019,4,2019-04-01,0,0,0,803,779,48,6.6895992691789665,6.659293919683638,3.8918202981106265,Texas_Tx Tarrant,2019-04,1.2457221081451062
Tx Tarrant,Texas,2019,5,2019-05-01,0,0,0,1575,661,1828,7.362645270417825,6.495265555937008,7.511524648390866,Texas_Tx Tarrant,2019-05,1.3278576317590691
Tx Tarrant,Texas,2019,6,2019-06-01,0,0,0,2327,726,3202,7.752764808851328,6.588926477533519,8.071843149609158,Texas_Tx Tarrant,2019-06,1.4127310061601643
Tx Tarrant,Texas,2019,7,2019-07-01,0,0,0,1139,688,902,7.038783541388542,6.535241271013659,6.805722553416985,Texas_Tx Tarrant,2019-07,1.4948665297741273
Tx Tarrant,Texas,2019,8,2019-08-01,0,0,0,816,789,54,6.705639094860003,6.672032945461067,4.007333185232471,Texas_Tx Tarrant,2019-08,1.5797399041752225
Tx Tarrant,Texas,2019,9,2019-09-01,0,0,0,1533,831,1404,7.335633981927201,6.723832440821209,7.247792581767846,Texas_Tx Tarrant,2019-09,1.6646132785763177
Tx Tarrant,Texas,2019,10,2019-10-01,0,0,0,1629,575,2108,7.396335293800808,6.3561076606958915,7.653969180478774,Texas_Tx Tarrant,2019-10,1.7467488021902806
Tx Tarrant,Texas,2019,11,2019-11-01,0,0,0,1462,685,1554,7.288244401020124,6.530877627725885,7.349230824613334,Texas_Tx Tarrant,2019-11,1.8316221765913758
Tx Tarrant,Texas,2019,12,2019-12-01,0,0,0,998,691,614,6.906754778648554,6.539585955617669,6.421622267806518,Texas_Tx Tarrant,2019-12,1.9137577002053388
Tx Tarrant,Texas,2020,1,2020-01-01,0,1,0,1411,872,1078,7.252762418053187,6.771935555839602,6.983789965258135,Texas_Tx Tarrant,2020-01,1.998631074606434
Tx Tarrant,Texas,2020,2,2020-02-01,0,1,0,1368,773,1190,7.221835825288449,6.651571873589727,7.0825485693553,Texas_Tx Tarrant,2020-02,2.083504449007529
Tx Tarrant,Texas,2020,3,2020-03-01,0,1,0,1711,908,1606,7.445417556701687,6.812345094177479,7.382124365737512,Texas_Tx Tarrant,2020-03,2.16290212183436
Tx Tarrant,Texas,2020,4,2020-04-01,0,1,0,861,809,104,6.759255270663693,6.697034247666484,4.653960350157523,Texas_Tx Tarrant,2020-04,2.2477754962354553
Tx Tarrant,Texas,2020,5,2020-05-01,0,1,0,795,708,174,6.679599185844383,6.5638555265321274,5.1647859739235145,Texas_Tx Tarrant,2020-05,2.329911019849418
Tx Tarrant,Texas,2020,6,2020-06-01,0,1,0,979,784,390,6.887552571664617,6.665683717782408,5.968707559985366,Texas_Tx Tarrant,2020-06,2.414784394250513
Tx Tarrant,Texas,2020,7,2020-07-01,0,1,0,915,880,70,6.82001636467413,6.78105762593618,4.2626798770413155,Texas_Tx Tarrant,2020-07,2.4969199178644765
Tx Tarrant,Texas,2020,8,2020-08-01,0,1,0,904,894,20,6.807934943699926,6.796823718274855,3.044522437723423,Texas_Tx Tarrant,2020-08,2.5817932922655715
Tx Tarrant,Texas,2020,9,2020-09-01,0,1,0,1665,987,1356,7.418180822726788,6.895682697747868,7.213031659834869,Texas_Tx Tarrant,2020-09,2.6666666666666665
Tx Tarrant,Texas,2020,10,2020-10-01,0,1,0,1381,973,816,7.231287004327616,6.881411303642535,6.705639094860003,Texas_Tx Tarrant,2020-10,2.74880219028063
Tx Tarrant,Texas,2020,11,2020-11-01,0,1,0,818,772,92,6.70808408385307,6.650279048587422,4.532599493153256,Texas_Tx Tarrant,2020-11,2.833675564681725
Tx Tarrant,Texas,2020,12,2020-12-01,0,1,0,1389,880,1018,7.237059026124737,6.78105762593618,6.926577033222725,Texas_Tx Tarrant,2020-12,2.915811088295688
Tx Tarrant,Texas,2021,1,2021-01-01,0,1,0,860,852,16,6.7580945044277305,6.748759547491679,2.833213344056216,Texas_Tx Tarrant,2021-01,3.0006844626967832
Tx Tarrant,Texas,2021,2,2021-02-01,0,1,0,1673,871,1604,7.422971251049421,6.77078942390898,7.380879035564116,Texas_Tx Tarrant,2021-02,3.0855578370978782
Tx Tarrant,Texas,2021,3,2021-03-01,0,1,0,1747,869,1756,7.466227556215481,6.76849321164863,7.471363088187097,Texas_Tx Tarrant,2021-03,3.162217659137577
Tx Tarrant,Texas,2021,4,2021-04-01,0,1,0,1987,1058,1858,7.59488438721652,6.9650803456014065,7.527793987721444,Texas_Tx Tarrant,2021-04,3.247091033538672
Tx Tarrant,Texas,2021,5,2021-05-01,0,1,0,2034,1210,1648,7.618251097876695,7.099201743553092,7.407924322559599,Texas_Tx Tarrant,2021-05,3.3292265571526354
Tx Tarrant,Texas,2021,6,2021-06-01,0,1,0,2224,1247,1954,7.707512194600341,7.129297548929373,7.578145472419466,Texas_Tx Tarrant,2021-06,3.4140999315537304
Tx Tarrant,Texas,2021,7,2021-07-01,0,1,0,1318,780,1076,7.1846291527173145,6.660575149839686,6.981934677156389,Texas_Tx Tarrant,2021-07,3.4962354551676933
Tx Tarrant,Texas,2021,8,2021-08-01,0,1,0,873,629,488,6.773080375655535,6.4457198193855785,6.192362489474872,Texas_Tx Tarrant,2021-08,3.5811088295687883
Tx Tarrant,Texas,2021,9,2021-09-01,0,1,0,1074,807,534,6.980075940561763,6.694562058521095,6.282266746896006,Texas_Tx Tarrant,2021-09,3.6659822039698837
Tx Tarrant,Texas,2021,10,2021-10-01,0,1,0,1046,1044,4,6.953684210870537,6.951772164398911,1.6094379124341003,Texas_Tx Tarrant,2021-10,3.7481177275838466
Tx Tarrant,Texas,2021,11,2021-11-01,0,1,0,1709,929,1560,7.444248649496705,6.835184586147301,7.353081920515432,Texas_Tx Tarrant,2021-11,3.8329911019849416
Tx Tarrant,Texas,2021,12,2021-12-01,0,1,0,1430,728,1404,7.266128779556451,6.591673732008658,7.247792581767846,Texas_Tx Tarrant,2021-12,3.915126625598905
Tx Tarrant,Texas,2022,1,2022-01-01,0,1,0,833,807,52,6.726233402358747,6.694562058521095,3.970291913552122,Texas_Tx Tarrant,2022-01,4
Tx Tarrant,Texas,2022,2,2022-02-01,0,1,0,1221,900,642,7.108244139731541,6.803505257608338,6.466144724237619,Texas_Tx Tarrant,2022-02,4.084873374401095
Tx Tarrant,Texas,2022,3,2022-03-01,0,1,0,1943,1261,1364,7.572502985020384,7.140453043101158,7.21890970761906,Texas_Tx Tarrant,2022-03,4.161533196440794
Tx Tarrant,Texas,2022,4,2022-04-01,0,1,0,2056,1361,1390,7.6290038896529575,7.2167094867094574,7.237778191923443,Texas_Tx Tarrant,2022-04,4.246406570841889
Tx Tarrant,Texas,2022,5,2022-05-01,0,1,0,2435,977,2916,7.798112628829788,6.885509670034818,7.978310969867722,Texas_Tx Tarrant,2022-05,4.328542094455853
Tx Tarrant,Texas,2022,6,2022-06-01,0,1,0,1811,885,1852,7.502186486602924,6.786716950605081,7.52456122628536,Texas_Tx Tarrant,2022-06,4.413415468856948
Tx Tarrant,Texas,2022,7,2022-07-01,0,1,0,2665,896,3538,7.888334500738654,6.799055862058796,8.171599480345463,Texas_Tx Tarrant,2022-07,4.4955509924709105
Tx Tarrant,Texas,2022,8,2022-08-01,0,1,0,1192,978,428,7.084226422097916,6.88653164253051,6.061456918928017,Texas_Tx Tarrant,2022-08,4.5804243668720055
Tx Tarrant,Texas,2022,9,2022-09-01,0,1,0,1012,940,144,6.920671504248683,6.846943139585379,4.976733742420574,Texas_Tx Tarrant,2022-09,4.6652977412731005
Tx Tarrant,Texas,2022,10,2022-10-01,0,1,0,1368,574,1588,7.221835825288449,6.354370040797351,7.370860166536716,Texas_Tx Tarrant,2022-10,4.747433264887063
Tx Tarrant,Texas,2022,11,2022-11-01,0,1,0,896,615,562,6.799055862058796,6.423246963533519,6.333279628139691,Texas_Tx Tarrant,2022-11,4.832306639288158
Tx Tarrant,Texas,2022,12,2022-12-01,0,1,0,766,417,698,6.642486801367256,6.035481432524756,6.54965074223381,Texas_Tx Tarrant,2022-12,4.914442162902122
Tx Travis,Texas,2018,1,2018-01-01,0,0,0,1717,718,1998,7.4489161025442,6.577861357721047,7.6004023345004,Texas_Tx Travis,2018-01,0
Tx Travis,Texas,2018,2,2018-02-01,0,0,0,1240,724,1032,7.123672785204607,6.586171654854675,6.940222469119639,Texas_Tx Travis,2018-02,0.08487337440109514
Tx Travis,Texas,2018,3,2018-03-01,0,0,0,1938,780,2316,7.569927655242652,6.660575149839686,7.748028524432376,Texas_Tx Travis,2018-03,0.16153319644079397
Tx Travis,Texas,2018,4,2018-04-01,0,0,0,2290,908,2764,7.736743682453495,6.812345094177479,7.9247959139564355,Texas_Tx Travis,2018-04,0.2464065708418891
Tx Travis,Texas,2018,5,2018-05-01,0,0,0,3110,740,4740,8.042699496897637,6.608000625296087,8.464003362902119,Texas_Tx Travis,2018-05,0.32854209445585214
Tx Travis,Texas,2018,6,2018-06-01,0,0,0,1790,844,1892,7.490529402060711,6.739336627357174,7.545918151209323,Texas_Tx Travis,2018-06,0.4134154688569473
Tx Travis,Texas,2018,7,2018-07-01,0,0,0,1468,1051,834,7.292337176173877,6.9584483932976555,6.727431724850855,Texas_Tx Travis,2018-07,0.49555099247091033
Tx Travis,Texas,2018,8,2018-08-01,0,0,0,914,646,536,6.818924065275521,6.472346294500901,6.285998094508865,Texas_Tx Travis,2018-08,0.5804243668720055
Tx Travis,Texas,2018,9,2018-09-01,0,0,0,1224,583,1282,7.110696122978827,6.369900982828227,7.1569563646156364,Texas_Tx Travis,2018-09,0.6652977412731006
Tx Travis,Texas,2018,10,2018-10-01,0,0,0,937,606,662,6.843749949006225,6.408528791059498,6.4967749901858625,Texas_Tx Travis,2018-10,0.7474332648870636
Tx Travis,Texas,2018,11,2018-11-01,0,0,0,1268,718,1100,7.1459844677143876,6.577861357721047,7.00397413672268,Texas_Tx Travis,2018-11,0.8323066392881588
Tx Travis,Texas,2018,12,2018-12-01,0,0,0,1625,671,1908,7.3938782901077555,6.5102583405231496,7.554334823725748,Texas_Tx Travis,2018-12,0.9144421629021219
Tx Travis,Texas,2019,1,2019-01-01,0,0,0,633,590,86,6.452048954437226,6.3818160174060985,4.465908118654584,Texas_Tx Travis,2019-01,0.999315537303217
Tx Travis,Texas,2019,2,2019-02-01,0,0,0,1430,681,1498,7.266128779556451,6.525029657843462,7.312553498102598,Texas_Tx Travis,2019-02,1.0841889117043122
Tx Travis,Texas,2019,3,2019-03-01,0,0,0,2389,911,2956,7.779048644925556,6.815639990074331,7.9919305198524775,Texas_Tx Travis,2019-03,1.160848733744011
Tx Travis,Texas,2019,4,2019-04-01,0,0,0,2378,1053,2650,7.774435510302958,6.960347729101308,7.8826922062890254,Texas_Tx Travis,2019-04,1.2457221081451062
Tx Travis,Texas,2019,5,2019-05-01,0,0,0,2631,946,3370,7.875499292445208,6.853299093186078,8.12296471523406,Texas_Tx Travis,2019-05,1.3278576317590691
Tx Travis,Texas,2019,6,2019-06-01,0,0,0,998,740,516,6.906754778648554,6.608000625296087,6.248042874508429,Texas_Tx Travis,2019-06,1.4127310061601643
Tx Travis,Texas,2019,7,2019-07-01,0,0,0,1587,691,1792,7.370230641807081,6.539585955617669,7.491645473605133,Texas_Tx Travis,2019-07,1.4948665297741273
Tx Travis,Texas,2019,8,2019-08-01,0,0,0,3337,1026,4622,8.11312710422178,6.934397209928558,8.438799123988225,Texas_Tx Travis,2019-08,1.5797399041752225
Tx Travis,Texas,2019,9,2019-09-01,0,0,0,1270,706,1128,7.147559271189454,6.561030665896573,7.029087564149662,Texas_Tx Travis,2019-09,1.6646132785763177
Tx Travis,Texas,2019,10,2019-10-01,0,0,0,2083,753,2660,7.642044402873258,6.625392368007956,7.886457270977689,Texas_Tx Travis,2019-10,1.7467488021902806
Tx Travis,Texas,2019,11,2019-11-01,0,0,0,952,693,518,6.859614903654202,6.542471960506805,6.251903883165888,Texas_Tx Travis,2019-11,1.8316221765913758
Tx Travis,Texas,2019,12,2019-12-01,0,0,0,1725,730,1990,7.453561871643373,6.594413459749778,7.596392304064196,Texas_Tx Travis,2019-12,1.9137577002053388
Tx Travis,Texas,2020,1,2020-01-01,0,1,0,3058,701,4714,8.025843344150903,6.553933404025811,8.458504195067558,Texas_Tx Travis,2020-01,1.998631074606434
Tx Travis,Texas,2020,2,2020-02-01,0,1,0,2533,811,3444,7.837554360881084,6.699500340161678,8.144679183447758,Texas_Tx Travis,2020-02,2.083504449007529
Tx Travis,Texas,2020,3,2020-03-01,0,1,0,1500,973,1054,7.313886831633462,6.881411303642535,6.961296045910167,Texas_Tx Travis,2020-03,2.16290212183436
Tx Travis,Texas,2020,4,2020-04-01,0,1,0,2447,776,3342,7.803026643632217,6.655440350367647,8.114623886420098,Texas_Tx Travis,2020-04,2.2477754962354553
Tx Travis,Texas,2020,5,2020-05-01,0,1,0,1959,607,2704,7.580699752224563,6.410174881966167,7.902857191280582,Texas_Tx Travis,2020-05,2.329911019849418
Tx Travis,Texas,2020,6,2020-06-01,0,1,0,1346,645,1402,7.205635176410364,6.470799503782602,7.246368080102461,Texas_Tx Travis,2020-06,2.414784394250513
Tx Travis,Texas,2020,7,2020-07-01,0,1,0,3020,1122,3796,8.013343181386672,7.023758954738443,8.241966560231802,Texas_Tx Travis,2020-07,2.4969199178644765
Tx Travis,Texas,2020,8,2020-08-01,0,1,0,2188,860,2656,7.691200097522863,6.7580945044277305,7.884952945759814,Texas_Tx Travis,2020-08,2.5817932922655715
Tx Travis,Texas,2020,9,2020-09-01,0,1,0,3080,968,4224,8.033009498596668,6.876264611890766,8.348774539791274,Texas_Tx Travis,2020-09,2.6666666666666665
Tx Travis,Texas,2020,10,2020-10-01,0,1,0,1500,931,1138,7.313886831633462,6.837332814685591,7.037905963447182,Texas_Tx Travis,2020-10,2.74880219028063
Tx Travis,Texas,2020,11,2020-11-01,0,1,0,1519,1017,1004,7.326465613840322,6.925595197110468,6.912742820493176,Texas_Tx Travis,2020-11,2.833675564681725
Tx Travis,Texas,2020,12,2020-12-01,0,1,0,2509,971,3076,7.828038032125829,6.879355804460439,8.031710375322042,Texas_Tx Travis,2020-12,2.915811088295688
Tx Travis,Texas,2021,1,2021-01-01,0,1,0,2993,673,4640,8.004365564979574,6.513230110912307,8.442685139241176,Texas_Tx Travis,2021-01,3.0006844626967832
Tx Travis,Texas,2021,2,2021-02-01,0,1,0,3073,777,4592,8.03073492409854,6.656726524178391,8.432288684325794,Texas_Tx Travis,2021-02,3.0855578370978782
Tx Travis,Texas,2021,3,2021-03-01,0,1,0,2492,871,3242,7.821242083523558,6.77078942390898,8.084254106307318,Texas_Tx Travis,2021-03,3.162217659137577
Tx Travis,Texas,2021,4,2021-04-01,0,1,0,1935,1122,1626,7.568379267836522,7.023758954738443,7.394493107219038,Texas_Tx Travis,2021-04,3.247091033538672
Tx Travis,Texas,2021,5,2021-05-01,0,1,0,2589,1058,3062,7.859413154693583,6.9650803456014065,8.027150106832774,Texas_Tx Travis,2021-05,3.3292265571526354
Tx Travis,Texas,2021,6,2021-06-01,0,1,0,2318,932,2772,7.7488913372555315,6.838405200847344,7.927685045615778,Texas_Tx Travis,2021-06,3.4140999315537304
Tx Travis,Texas,2021,7,2021-07-01,0,1,0,2104,676,2856,7.652070746116482,6.517671272912275,7.957527402230773,Texas_Tx Travis,2021-07,3.4962354551676933
Tx Travis,Texas,2021,8,2021-08-01,0,1,0,4015,659,6712,8.298041661371565,6.492239835020471,8.811801223938751,Texas_Tx Travis,2021-08,3.5811088295687883
Tx Travis,Texas,2021,9,2021-09-01,0,1,0,1178,542,1272,7.072421900537371,6.297109319933935,7.149131598557407,Texas_Tx Travis,2021-09,3.6659822039698837
Tx Travis,Texas,2021,10,2021-10-01,0,1,0,1534,576,1916,7.336285660021297,6.3578422665081,7.558516743045645,Texas_Tx Travis,2021-10,3.7481177275838466
Tx Travis,Texas,2021,11,2021-11-01,0,1,0,2129,475,3308,7.6638772587034705,6.16541785423142,8.104401307921613,Texas_Tx Travis,2021-11,3.8329911019849416
Tx Travis,Texas,2021,12,2021-12-01,0,1,0,2739,887,3704,7.9157131993821155,6.78897174299217,8.217438537730187,Texas_Tx Travis,2021-12,3.915126625598905
Tx Travis,Texas,2022,1,2022-01-01,0,1,0,1664,706,1916,7.417580402414544,6.561030665896573,7.558516743045645,Texas_Tx Travis,2022-01,4
Tx Travis,Texas,2022,2,2022-02-01,0,1,0,1557,631,1852,7.351158226430694,6.448889394146858,7.52456122628536,Texas_Tx Travis,2022-02,4.084873374401095
Tx Travis,Texas,2022,3,2022-03-01,0,1,0,3383,853,5060,8.126813720726114,6.74993119378857,8.529319371214077,Texas_Tx Travis,2022-03,4.161533196440794
Tx Travis,Texas,2022,4,2022-04-01,0,1,0,2666,957,3418,7.888709524182015,6.86484777797086,8.137103389639302,Texas_Tx Travis,2022-04,4.246406570841889
Tx Travis,Texas,2022,5,2022-05-01,0,1,0,3297,603,5388,8.101071503119543,6.403574197934815,8.592115117933497,Texas_Tx Travis,2022-05,4.328542094455853
Tx Travis,Texas,2022,6,2022-06-01,0,1,0,3216,813,4806,8.076204527239026,6.70196036600254,8.47782846789396,Texas_Tx Travis,2022-06,4.413415468856948
Tx Travis,Texas,2022,7,2022-07-01,0,1,0,1809,635,2348,7.501082124259871,6.455198563340122,7.761744984658913,Texas_Tx Travis,2022-07,4.4955509924709105
Tx Travis,Texas,2022,8,2022-08-01,0,1,0,1281,610,1342,7.156176637480615,6.415096959171596,7.202661196523238,Texas_Tx Travis,2022-08,4.5804243668720055
Tx Travis,Texas,2022,9,2022-09-01,0,1,0,1917,442,2950,7.559038255443384,6.093569770045136,7.989899374942939,Texas_Tx Travis,2022-09,4.6652977412731005
Tx Travis,Texas,2022,10,2022-10-01,0,1,0,1881,532,2698,7.540090320145325,6.278521424165844,7.900636613018005,Texas_Tx Travis,2022-10,4.747433264887063
Tx Travis,Texas,2022,11,2022-11-01,0,1,0,1391,402,1978,7.238496840894365,5.998936561946683,7.590346945602565,Texas_Tx Travis,2022-11,4.832306639288158
Tx Travis,Texas,2022,12,2022-12-01,0,1,0,1783,370,2826,7.486613313139955,5.916202062607435,7.946971357693591,Texas_Tx Travis,2022-12,4.914442162902122
